latitude,longitude,bright_ti4,scan,track,acq_date,acq_time,satellite,instrument,confidence,version,bright_ti5,frp,daynight
29.95836,72.34368,334.24,0.74,0.76,2026-07-02,716,N20,VIIRS,n,2.0NRT,289.31,9.34,D
29.95931,72.34361,334.11,0.74,0.76,2026-07-02,716,N20,VIIRS,n,2.0NRT,288.84,7.54,D
29.98904,72.8164,332.03,0.7,0.75,2026-07-02,716,N20,VIIRS,n,2.0NRT,288.22,5.65,D
30.39833,73.62175,330.63,0.61,0.71,2026-07-02,716,N20,VIIRS,n,2.0NRT,289,3.89,D
30.40175,73.60677,330.35,0.61,0.71,2026-07-02,716,N20,VIIRS,n,2.0NRT,289.48,4.77,D
30.4366,72.82053,333.7,0.68,0.74,2026-07-02,716,N20,VIIRS,n,2.0NRT,289.48,4.46,D
30.45807,73.73992,341.63,0.6,0.71,2026-07-02,716,N20,VIIRS,n,2.0NRT,289.69,7.05,D
30.45937,73.73908,342.43,0.6,0.71,2026-07-02,716,N20,VIIRS,n,2.0NRT,289.74,5.74,D
30.49594,73.67285,335.74,0.61,0.71,2026-07-02,716,N20,VIIRS,n,2.0NRT,289.84,4.77,D
30.70247,74.04727,331.51,0.57,0.69,2026-07-02,716,N20,VIIRS,n,2.0NRT,290.66,3.39,D
30.98688,73.31542,332.38,0.62,0.71,2026-07-02,716,N20,VIIRS,n,2.0NRT,290.03,4.93,D
31.72796,72.68761,333.03,0.64,0.72,2026-07-02,718,N20,VIIRS,n,2.0NRT,290.47,6.8,D
31.955,72.80367,333.83,0.62,0.72,2026-07-02,718,N20,VIIRS,n,2.0NRT,290.72,3.49,D
31.95511,72.80367,331.66,0.62,0.71,2026-07-02,718,N20,VIIRS,n,2.0NRT,290.14,4.72,D
32.51704,71.8285,339.66,0.68,0.74,2026-07-02,718,N20,VIIRS,n,2.0NRT,291.39,7.28,D
34.47663,71.6905,345.69,0.61,0.71,2026-07-02,718,N20,VIIRS,n,2.0NRT,295.29,4,D
34.47664,71.68932,351.51,0.61,0.71,2026-07-02,718,N20,VIIRS,n,2.0NRT,295.01,7.69,D
34.58982,72.25412,340.78,0.57,0.69,2026-07-02,718,N20,VIIRS,n,2.0NRT,294.38,8.27,D
23.79761,69.5155,331.7,0.56,0.43,2026-07-02,856,N20,VIIRS,n,2.0NRT,297.59,3.04,D
24.1014,73.98863,335.5,0.35,0.57,2026-07-02,856,N20,VIIRS,n,2.0NRT,292.9,3.34,D
24.95835,68.15278,345.59,0.49,0.4,2026-07-02,856,N20,VIIRS,n,2.0NRT,298.15,10.94,D
24.96205,68.15222,348.06,0.49,0.4,2026-07-02,856,N20,VIIRS,n,2.0NRT,299.5,10.94,D
25.42842,68.34177,334.87,0.51,0.41,2026-07-02,856,N20,VIIRS,n,2.0NRT,302.29,2.19,D
26.08491,67.33025,353.82,0.46,0.39,2026-07-02,856,N20,VIIRS,n,2.0NRT,303.54,14.49,D
26.08851,67.32969,350.12,0.46,0.39,2026-07-02,856,N20,VIIRS,n,2.0NRT,307.8,14.49,D
26.09226,68.88078,332.13,0.55,0.43,2026-07-02,856,N20,VIIRS,l,2.0NRT,305.15,4.19,D
26.84977,67.88036,343.53,0.5,0.41,2026-07-02,856,N20,VIIRS,n,2.0NRT,306.39,30.76,D
27.26552,67.91712,342.46,0.5,0.41,2026-07-02,856,N20,VIIRS,n,2.0NRT,309.24,8.71,D
27.26562,67.91427,341.52,0.5,0.41,2026-07-02,856,N20,VIIRS,n,2.0NRT,308.66,8.12,D
27.30375,67.97622,341.16,0.51,0.41,2026-07-02,856,N20,VIIRS,n,2.0NRT,310.16,6.49,D
27.39876,67.90229,341.6,0.51,0.41,2026-07-02,856,N20,VIIRS,n,2.0NRT,309.25,9.44,D
27.41742,68.02526,341.96,0.51,0.41,2026-07-02,856,N20,VIIRS,n,2.0NRT,309.58,9.27,D
27.47868,68.02138,339.66,0.51,0.41,2026-07-02,856,N20,VIIRS,n,2.0NRT,309.62,8.86,D
27.62226,67.87402,341.88,0.51,0.41,2026-07-02,856,N20,VIIRS,n,2.0NRT,309.33,12.12,D
27.63952,68.14754,337.02,0.52,0.42,2026-07-02,856,N20,VIIRS,n,2.0NRT,306.47,4.98,D
27.64659,68.10879,340.74,0.52,0.42,2026-07-02,856,N20,VIIRS,n,2.0NRT,308.91,8.06,D
27.67331,68.13712,336.75,0.52,0.42,2026-07-02,856,N20,VIIRS,n,2.0NRT,306.29,5.37,D
27.68478,68.13542,338.23,0.52,0.42,2026-07-02,856,N20,VIIRS,n,2.0NRT,307.71,5.94,D
27.70434,68.04847,338.09,0.52,0.41,2026-07-02,856,N20,VIIRS,l,2.0NRT,308.16,10.97,D
27.80025,68.104,342.54,0.52,0.42,2026-07-02,856,N20,VIIRS,n,2.0NRT,308.43,12.16,D
27.96926,68.54952,339.86,0.55,0.43,2026-07-02,856,N20,VIIRS,n,2.0NRT,307.99,10.5,D
28.38475,67.85085,339.9,0.52,0.41,2026-07-02,856,N20,VIIRS,n,2.0NRT,304,9.29,D
28.38538,67.85611,341.84,0.52,0.41,2026-07-02,856,N20,VIIRS,n,2.0NRT,305.56,9.29,D
28.4888,68.0502,339.45,0.53,0.42,2026-07-02,856,N20,VIIRS,n,2.0NRT,307.47,7.63,D
28.8141,70.27599,331.53,0.47,0.48,2026-07-02,856,N20,VIIRS,l,2.0NRT,306.17,8.67,D
29.21251,72.51639,367,0.33,0.55,2026-07-02,856,N20,VIIRS,h,2.0NRT,297.45,9.27,D
29.44067,71.76998,338.02,0.59,0.53,2026-07-02,856,N20,VIIRS,n,2.0NRT,296.47,3.01,D
29.5286,71.84043,337.19,0.6,0.53,2026-07-02,856,N20,VIIRS,n,2.0NRT,296.38,6.82,D
29.55524,71.80617,346.53,0.6,0.53,2026-07-02,856,N20,VIIRS,n,2.0NRT,296.72,13.57,D
29.59237,72.29239,330.82,0.32,0.55,2026-07-02,856,N20,VIIRS,n,2.0NRT,295.09,2.49,D
29.61928,72.30972,332.97,0.32,0.55,2026-07-02,856,N20,VIIRS,n,2.0NRT,296.21,2.19,D
29.62231,72.28591,332.11,0.32,0.54,2026-07-02,856,N20,VIIRS,n,2.0NRT,294.29,1.8,D
29.63645,72.3315,336.78,0.32,0.55,2026-07-02,856,N20,VIIRS,n,2.0NRT,295.29,1.94,D
29.64035,72.32952,334.07,0.32,0.55,2026-07-02,856,N20,VIIRS,n,2.0NRT,295.1,2.52,D
29.66604,72.39472,332.25,0.32,0.55,2026-07-02,856,N20,VIIRS,n,2.0NRT,294.55,3.94,D
29.67139,72.39757,367,0.32,0.55,2026-07-02,856,N20,VIIRS,h,2.0NRT,295.02,6.84,D
29.67426,71.72881,330.42,0.59,0.53,2026-07-02,856,N20,VIIRS,n,2.0NRT,292.61,6.35,D
29.67481,71.73494,331.63,0.59,0.53,2026-07-02,856,N20,VIIRS,n,2.0NRT,295.14,9.65,D
29.70802,72.34615,330.48,0.32,0.55,2026-07-02,856,N20,VIIRS,n,2.0NRT,294.14,3.49,D
29.73389,72.05045,330.13,0.62,0.54,2026-07-02,856,N20,VIIRS,n,2.0NRT,293.22,5.09,D
29.74503,72.00377,338.75,0.62,0.54,2026-07-02,856,N20,VIIRS,n,2.0NRT,295.2,7.41,D
29.76974,72.36478,336.34,0.32,0.55,2026-07-02,856,N20,VIIRS,n,2.0NRT,293.3,4.63,D
29.78044,72.65424,330.07,0.34,0.56,2026-07-02,856,N20,VIIRS,n,2.0NRT,293.95,1.74,D
29.78261,72.72343,331.88,0.34,0.56,2026-07-02,856,N20,VIIRS,n,2.0NRT,295.39,2.63,D
29.78528,72.49384,340.31,0.33,0.55,2026-07-02,856,N20,VIIRS,n,2.0NRT,293.12,3.7,D
29.79317,72.52782,341.76,0.33,0.55,2026-07-02,856,N20,VIIRS,n,2.0NRT,293.81,3.4,D
29.80777,72.3916,332.94,0.33,0.55,2026-07-02,856,N20,VIIRS,n,2.0NRT,293.62,1.68,D
29.83768,72.38171,341.76,0.33,0.55,2026-07-02,856,N20,VIIRS,n,2.0NRT,293.49,2.96,D
29.84395,72.70655,345.71,0.34,0.56,2026-07-02,856,N20,VIIRS,n,2.0NRT,293.62,3.59,D
29.86337,72.38248,332.79,0.33,0.55,2026-07-02,856,N20,VIIRS,n,2.0NRT,289.87,2.61,D
29.86366,72.38589,348.31,0.33,0.55,2026-07-02,856,N20,VIIRS,n,2.0NRT,289.37,2.61,D
29.87451,72.41425,331.08,0.33,0.55,2026-07-02,856,N20,VIIRS,n,2.0NRT,294.2,2.86,D
29.87796,72.26732,352.67,0.32,0.55,2026-07-02,856,N20,VIIRS,n,2.0NRT,294.74,5.45,D
29.89918,71.38105,336.83,0.57,0.52,2026-07-02,856,N20,VIIRS,n,2.0NRT,296.18,3.08,D
29.90472,72.16233,338.37,0.63,0.54,2026-07-02,856,N20,VIIRS,n,2.0NRT,294.3,5.6,D
29.9064,72.18215,332.35,0.63,0.54,2026-07-02,856,N20,VIIRS,n,2.0NRT,294.26,4.69,D
29.90711,72.31168,330.49,0.32,0.55,2026-07-02,856,N20,VIIRS,n,2.0NRT,293.74,1.83,D
29.92003,72.28322,335.05,0.32,0.55,2026-07-02,856,N20,VIIRS,n,2.0NRT,293.92,4.26,D
29.92031,72.28657,349.25,0.32,0.55,2026-07-02,856,N20,VIIRS,n,2.0NRT,294.04,5.56,D
29.92034,71.45668,333.65,0.57,0.52,2026-07-02,856,N20,VIIRS,n,2.0NRT,296.87,1.64,D
29.92087,71.46267,330.76,0.57,0.52,2026-07-02,856,N20,VIIRS,n,2.0NRT,296.63,2.98,D
29.92427,72.33372,331.3,0.32,0.55,2026-07-02,856,N20,VIIRS,n,2.0NRT,293.96,1.67,D
29.94139,72.60303,337.96,0.34,0.56,2026-07-02,856,N20,VIIRS,n,2.0NRT,291.04,1.85,D
29.95553,72.46129,331.24,0.33,0.55,2026-07-02,856,N20,VIIRS,n,2.0NRT,294.42,1.43,D
29.95969,72.57292,341.71,0.34,0.56,2026-07-02,856,N20,VIIRS,n,2.0NRT,293.98,3.1,D
29.97145,72.46664,339.7,0.33,0.55,2026-07-02,856,N20,VIIRS,n,2.0NRT,294.54,3.42,D
29.97441,72.46613,339.64,0.33,0.55,2026-07-02,856,N20,VIIRS,n,2.0NRT,294.92,2.65,D
29.97689,72.59241,331.46,0.34,0.56,2026-07-02,856,N20,VIIRS,n,2.0NRT,293.7,2.81,D
29.97735,71.94406,332.91,0.61,0.54,2026-07-02,856,N20,VIIRS,n,2.0NRT,295.29,2.6,D
29.97978,72.75327,337.97,0.34,0.56,2026-07-02,856,N20,VIIRS,n,2.0NRT,292.37,2.08,D
29.98067,71.86652,331.02,0.61,0.53,2026-07-02,856,N20,VIIRS,n,2.0NRT,296.23,4.16,D
29.9903,72.47147,333.96,0.33,0.55,2026-07-02,856,N20,VIIRS,n,2.0NRT,294.14,3.18,D
29.99514,72.46748,356.28,0.33,0.55,2026-07-02,856,N20,VIIRS,n,2.0NRT,295.91,14.42,D
29.99541,72.47093,337.37,0.33,0.55,2026-07-02,856,N20,VIIRS,n,2.0NRT,293.97,8.5,D
30.00608,72.7399,332.12,0.34,0.56,2026-07-02,856,N20,VIIRS,n,2.0NRT,293.14,1.04,D
30.02748,72.54836,337.5,0.33,0.56,2026-07-02,856,N20,VIIRS,n,2.0NRT,294.42,2.24,D
30.03002,72.57991,334.67,0.34,0.56,2026-07-02,856,N20,VIIRS,n,2.0NRT,295.04,2.28,D
30.04368,73.02452,346.2,0.36,0.57,2026-07-02,856,N20,VIIRS,n,2.0NRT,294.14,3.2,D
30.04397,73.02826,334.06,0.36,0.57,2026-07-02,856,N20,VIIRS,n,2.0NRT,293.71,3.2,D
30.02267,71.46732,334.4,0.58,0.52,2026-07-02,858,N20,VIIRS,n,2.0NRT,297.24,2.6,D
30.04139,71.45913,334.37,0.58,0.52,2026-07-02,858,N20,VIIRS,n,2.0NRT,296.46,2.46,D
30.06631,72.27445,331.93,0.32,0.55,2026-07-02,858,N20,VIIRS,n,2.0NRT,294.75,1.55,D
30.07561,71.46136,330.06,0.58,0.52,2026-07-02,858,N20,VIIRS,n,2.0NRT,296.89,2.34,D
30.07902,72.38484,354.88,0.33,0.55,2026-07-02,858,N20,VIIRS,n,2.0NRT,295.2,4.1,D
30.08004,72.33308,331.3,0.33,0.55,2026-07-02,858,N20,VIIRS,n,2.0NRT,294.22,2.4,D
30.08049,72.62466,333.69,0.34,0.56,2026-07-02,858,N20,VIIRS,n,2.0NRT,295.06,1.25,D
30.09996,71.64222,344.65,0.59,0.53,2026-07-02,858,N20,VIIRS,n,2.0NRT,296.85,10.78,D
30.10177,71.64297,351.47,0.59,0.53,2026-07-02,858,N20,VIIRS,n,2.0NRT,296.83,13.43,D
30.11003,72.45113,332.44,0.33,0.55,2026-07-02,858,N20,VIIRS,n,2.0NRT,295.79,1.77,D
30.12138,73.15381,334.87,0.37,0.58,2026-07-02,858,N20,VIIRS,n,2.0NRT,294.32,2.47,D
30.12334,73.15425,335.97,0.36,0.58,2026-07-02,858,N20,VIIRS,n,2.0NRT,293.79,2.32,D
30.14123,73.38348,330.07,0.38,0.58,2026-07-02,858,N20,VIIRS,n,2.0NRT,295.1,6.13,D
30.14154,73.38743,367,0.38,0.59,2026-07-02,858,N20,VIIRS,h,2.0NRT,294.63,9.17,D
30.14316,73.38287,332.71,0.38,0.59,2026-07-02,858,N20,VIIRS,n,2.0NRT,294.74,7.29,D
30.14344,73.38683,367,0.38,0.59,2026-07-02,858,N20,VIIRS,h,2.0NRT,294.41,9.14,D
30.14958,72.81974,338.27,0.35,0.57,2026-07-02,858,N20,VIIRS,n,2.0NRT,293.97,2.17,D
30.15631,72.38732,354.38,0.33,0.55,2026-07-02,858,N20,VIIRS,n,2.0NRT,297.15,17.66,D
30.15659,72.39075,367,0.33,0.55,2026-07-02,858,N20,VIIRS,h,2.0NRT,294.91,13.43,D
30.17829,72.98451,341.76,0.36,0.57,2026-07-02,858,N20,VIIRS,n,2.0NRT,293.26,2.53,D
30.18084,72.20316,349.12,0.32,0.55,2026-07-02,858,N20,VIIRS,n,2.0NRT,294.99,3.35,D
30.20472,72.43782,339.63,0.33,0.55,2026-07-02,858,N20,VIIRS,n,2.0NRT,295.36,2.5,D
30.23311,73.23721,336.97,0.37,0.58,2026-07-02,858,N20,VIIRS,n,2.0NRT,293.56,1.98,D
30.23544,73.23629,332.63,0.37,0.58,2026-07-02,858,N20,VIIRS,n,2.0NRT,293.2,2.06,D
30.24324,73.26688,335.01,0.37,0.58,2026-07-02,858,N20,VIIRS,n,2.0NRT,293.38,1.13,D
30.24609,73.26734,330.37,0.37,0.58,2026-07-02,858,N20,VIIRS,n,2.0NRT,293.36,1.73,D
30.26723,73.11365,346.69,0.36,0.58,2026-07-02,858,N20,VIIRS,n,2.0NRT,294.37,4.46,D
30.29745,73.30204,332.37,0.37,0.58,2026-07-02,858,N20,VIIRS,n,2.0NRT,293.6,1.23,D
30.31753,72.87146,333.81,0.35,0.57,2026-07-02,858,N20,VIIRS,n,2.0NRT,293.5,1.35,D
30.31801,72.87404,332.34,0.35,0.57,2026-07-02,858,N20,VIIRS,n,2.0NRT,293.7,1.64,D
30.32209,73.64018,336.26,0.39,0.59,2026-07-02,858,N20,VIIRS,n,2.0NRT,294.08,1.56,D
30.32362,72.88207,338.12,0.35,0.57,2026-07-02,858,N20,VIIRS,n,2.0NRT,293.62,1.65,D
30.32387,72.88092,330.96,0.35,0.57,2026-07-02,858,N20,VIIRS,n,2.0NRT,293.93,1.27,D
30.32556,72.49651,334.18,0.33,0.56,2026-07-02,858,N20,VIIRS,n,2.0NRT,296.13,2.41,D
30.33383,73.57301,331.37,0.39,0.59,2026-07-02,858,N20,VIIRS,n,2.0NRT,294.81,1.77,D
30.3428,71.71191,338.33,0.6,0.53,2026-07-02,858,N20,VIIRS,n,2.0NRT,296.17,4.9,D
30.34415,73.01583,330.28,0.36,0.57,2026-07-02,858,N20,VIIRS,n,2.0NRT,293.84,1.3,D
30.34538,71.71259,341.89,0.6,0.53,2026-07-02,858,N20,VIIRS,n,2.0NRT,296.58,6.53,D
30.36338,73.52525,334.73,0.39,0.59,2026-07-02,858,N20,VIIRS,n,2.0NRT,294.81,2.54,D
30.36403,73.52309,330.4,0.39,0.59,2026-07-02,858,N20,VIIRS,n,2.0NRT,294.66,2.62,D
30.39493,72.45773,331.33,0.33,0.56,2026-07-02,858,N20,VIIRS,n,2.0NRT,295.53,1.36,D
30.39565,73.66083,332.12,0.39,0.6,2026-07-02,858,N20,VIIRS,n,2.0NRT,294.4,2.03,D
30.39745,72.45731,331.07,0.33,0.56,2026-07-02,858,N20,VIIRS,n,2.0NRT,295.49,1.3,D
30.40088,73.65619,336.72,0.39,0.6,2026-07-02,858,N20,VIIRS,n,2.0NRT,294.73,2.1,D
30.44094,72.82256,332.78,0.35,0.57,2026-07-02,858,N20,VIIRS,n,2.0NRT,295.48,4.07,D
30.46682,73.87947,353.44,0.41,0.6,2026-07-02,858,N20,VIIRS,n,2.0NRT,294.07,7.75,D
30.47066,72.66138,336.95,0.34,0.56,2026-07-02,858,N20,VIIRS,n,2.0NRT,295.8,2.69,D
30.47111,73.6263,332.98,0.39,0.6,2026-07-02,858,N20,VIIRS,n,2.0NRT,293.83,2.89,D
30.50367,72.81271,367,0.35,0.57,2026-07-02,858,N20,VIIRS,h,2.0NRT,296.48,10.57,D
30.51041,72.34998,333.26,0.33,0.55,2026-07-02,858,N20,VIIRS,n,2.0NRT,295.8,2.6,D
30.51779,73.73983,332.89,0.4,0.6,2026-07-02,858,N20,VIIRS,n,2.0NRT,293.39,1.99,D
30.51924,73.76091,342.63,0.4,0.6,2026-07-02,858,N20,VIIRS,n,2.0NRT,294.31,3.08,D
30.522,71.81272,335.71,0.61,0.54,2026-07-02,858,N20,VIIRS,n,2.0NRT,296,3.35,D
30.52595,73.61727,335.6,0.39,0.6,2026-07-02,858,N20,VIIRS,n,2.0NRT,293.54,1.48,D
30.54059,72.27744,344.65,0.33,0.55,2026-07-02,858,N20,VIIRS,n,2.0NRT,296.53,5.58,D
30.54282,72.30493,335.61,0.33,0.55,2026-07-02,858,N20,VIIRS,n,2.0NRT,296.35,1.6,D
30.55119,73.81791,352.24,0.4,0.6,2026-07-02,858,N20,VIIRS,n,2.0NRT,294.05,6.98,D
30.5549,73.4826,346.12,0.39,0.59,2026-07-02,858,N20,VIIRS,n,2.0NRT,294.36,4.21,D
30.56414,73.68512,334.36,0.4,0.6,2026-07-02,858,N20,VIIRS,n,2.0NRT,293.88,3.62,D
30.56431,74.00803,331.77,0.42,0.61,2026-07-02,858,N20,VIIRS,n,2.0NRT,292.43,1.74,D
30.56444,73.68931,345.59,0.4,0.6,2026-07-02,858,N20,VIIRS,n,2.0NRT,293.36,3.62,D
30.57814,72.18731,367,0.32,0.55,2026-07-02,858,N20,VIIRS,h,2.0NRT,297.98,8.88,D
30.57841,72.1907,334.62,0.32,0.55,2026-07-02,858,N20,VIIRS,n,2.0NRT,296.61,6.23,D
30.57861,73.5051,340.47,0.39,0.59,2026-07-02,858,N20,VIIRS,n,2.0NRT,294.05,3.27,D
30.57919,72.18758,367,0.32,0.55,2026-07-02,858,N20,VIIRS,h,2.0NRT,297.85,8.4,D
30.57928,73.50488,340.69,0.39,0.59,2026-07-02,858,N20,VIIRS,n,2.0NRT,294.26,4.07,D
30.57948,72.19098,333.14,0.32,0.55,2026-07-02,858,N20,VIIRS,n,2.0NRT,296.81,6.68,D
30.58015,72.84554,334.63,0.35,0.57,2026-07-02,858,N20,VIIRS,n,2.0NRT,296.06,2.1,D
30.58192,73.77682,332.75,0.4,0.6,2026-07-02,858,N20,VIIRS,n,2.0NRT,293.46,2.62,D
30.58206,73.38643,338.67,0.38,0.59,2026-07-02,858,N20,VIIRS,n,2.0NRT,294.27,4.18,D
30.5839,73.73853,334.85,0.4,0.6,2026-07-02,858,N20,VIIRS,n,2.0NRT,293.22,2.43,D
30.58472,73.7383,332.31,0.4,0.6,2026-07-02,858,N20,VIIRS,n,2.0NRT,293.12,2.72,D
30.60028,72.90007,333.09,0.36,0.57,2026-07-02,858,N20,VIIRS,n,2.0NRT,295.52,1.57,D
30.60379,73.95686,333.68,0.41,0.61,2026-07-02,858,N20,VIIRS,n,2.0NRT,292.63,1.81,D
30.60603,73.95627,331.98,0.41,0.61,2026-07-02,858,N20,VIIRS,n,2.0NRT,293.23,1.94,D
30.61522,73.70609,367,0.4,0.6,2026-07-02,858,N20,VIIRS,h,2.0NRT,294.68,8.05,D
30.61551,73.71029,335.07,0.4,0.6,2026-07-02,858,N20,VIIRS,n,2.0NRT,293.21,8.05,D
30.62284,73.6548,331.92,0.4,0.6,2026-07-02,858,N20,VIIRS,n,2.0NRT,293.94,2.25,D
30.66096,73.96515,337.14,0.41,0.61,2026-07-02,858,N20,VIIRS,n,2.0NRT,293.05,3.54,D
30.69977,73.89794,332.92,0.41,0.61,2026-07-02,858,N20,VIIRS,n,2.0NRT,294.46,3.81,D
30.70172,73.90048,333.42,0.41,0.61,2026-07-02,858,N20,VIIRS,n,2.0NRT,294.22,3.03,D
30.7201,73.99993,367,0.42,0.61,2026-07-02,858,N20,VIIRS,h,2.0NRT,293.89,23.79,D
30.72314,73.99694,351.96,0.42,0.61,2026-07-02,858,N20,VIIRS,n,2.0NRT,293.67,16.08,D
30.72342,74.00134,367,0.42,0.61,2026-07-02,858,N20,VIIRS,h,2.0NRT,293.01,16.93,D
30.74445,73.8074,337.28,0.41,0.6,2026-07-02,858,N20,VIIRS,n,2.0NRT,294.16,3.05,D
30.7578,74.09203,344.23,0.42,0.61,2026-07-02,858,N20,VIIRS,n,2.0NRT,293.26,5.32,D
30.7609,73.96727,332.49,0.41,0.61,2026-07-02,858,N20,VIIRS,n,2.0NRT,293.53,2.22,D
30.78698,72.99661,346.52,0.36,0.58,2026-07-02,858,N20,VIIRS,n,2.0NRT,295.07,3.07,D
30.78726,73.00046,331.11,0.36,0.58,2026-07-02,858,N20,VIIRS,n,2.0NRT,294.93,3.07,D
30.83485,73.3561,339.97,0.38,0.59,2026-07-02,858,N20,VIIRS,n,2.0NRT,294.97,5.14,D
30.87329,73.21192,335.47,0.37,0.58,2026-07-02,858,N20,VIIRS,n,2.0NRT,294.64,2.03,D
30.87565,73.21059,334.25,0.37,0.58,2026-07-02,858,N20,VIIRS,n,2.0NRT,294.73,1.52,D
30.88336,73.88715,340.67,0.41,0.61,2026-07-02,858,N20,VIIRS,n,2.0NRT,293.03,3.68,D
31.00882,74.27289,335.8,0.44,0.62,2026-07-02,858,N20,VIIRS,n,2.0NRT,292.39,2.8,D
31.05242,72.58186,342.07,0.34,0.56,2026-07-02,858,N20,VIIRS,n,2.0NRT,294.13,3.11,D
31.17319,72.64316,348.43,0.35,0.57,2026-07-02,858,N20,VIIRS,n,2.0NRT,295.66,3.83,D
31.29685,72.66911,331.45,0.35,0.57,2026-07-02,858,N20,VIIRS,n,2.0NRT,295.8,1.7,D
31.42318,72.52414,367,0.34,0.56,2026-07-02,858,N20,VIIRS,h,2.0NRT,297.18,5.84,D
31.42346,72.5278,344.32,0.35,0.56,2026-07-02,858,N20,VIIRS,n,2.0NRT,296.02,5.84,D
31.5222,72.6415,341.94,0.35,0.57,2026-07-02,858,N20,VIIRS,n,2.0NRT,295.3,3.07,D
31.67468,72.49526,330.67,0.35,0.56,2026-07-02,858,N20,VIIRS,n,2.0NRT,296.12,0.68,D
31.67549,72.49536,348.53,0.35,0.56,2026-07-02,858,N20,VIIRS,n,2.0NRT,296.55,2.99,D
32.5137,71.82738,367,0.32,0.55,2026-07-02,858,N20,VIIRS,h,2.0NRT,299.68,8.37,D
32.51459,71.83892,335.15,0.32,0.55,2026-07-02,858,N20,VIIRS,n,2.0NRT,297.89,3.31,D
32.51486,71.84239,330.51,0.32,0.55,2026-07-02,858,N20,VIIRS,n,2.0NRT,296.79,2.71,D
32.51875,71.82672,339.8,0.32,0.55,2026-07-02,858,N20,VIIRS,n,2.0NRT,299.71,4.12,D
33.1488,70.84719,346.52,0.57,0.52,2026-07-02,858,N20,VIIRS,n,2.0NRT,303.88,8.08,D
34.47869,71.68799,367,0.33,0.55,2026-07-02,858,N20,VIIRS,h,2.0NRT,304.88,4.89,D
34.47894,71.69167,341.1,0.33,0.55,2026-07-02,858,N20,VIIRS,n,2.0NRT,303.12,4.89,D
34.59098,72.25166,339.06,0.36,0.57,2026-07-02,858,N20,VIIRS,n,2.0NRT,296.42,3.75,D
37.03201,62.41761,342.64,0.4,0.37,2026-07-02,900,N20,VIIRS,n,2.0NRT,309.4,8.57,D
35.90726,62.96632,301.29,0.56,0.43,2026-07-02,2121,N20,VIIRS,n,2.0NRT,291.05,1.01,N
36.43876,61.21836,302.6,0.46,0.47,2026-07-02,2121,N20,VIIRS,n,2.0NRT,291.43,0.7,N
37.03184,62.4161,303.5,0.41,0.45,2026-07-02,2121,N20,VIIRS,n,2.0NRT,290.67,1.99,N
37.03444,62.41807,317.31,0.41,0.45,2026-07-02,2121,N20,VIIRS,n,2.0NRT,292.78,2.06,N
37.03489,62.41347,306.49,0.41,0.45,2026-07-02,2121,N20,VIIRS,n,2.0NRT,290.51,2.06,N
37.03595,62.41676,316.15,0.41,0.45,2026-07-02,2121,N20,VIIRS,n,2.0NRT,291.52,1.99,N
24.69123,73.00233,304.46,0.51,0.49,2026-07-02,2123,N20,VIIRS,n,2.0NRT,285.65,0.99,N
24.99158,66.93194,310.91,0.4,0.37,2026-07-02,2123,N20,VIIRS,n,2.0NRT,294.96,2.43,N
25.05088,67.49449,319.82,0.41,0.37,2026-07-02,2123,N20,VIIRS,n,2.0NRT,295.25,2.6,N
25.15651,67.70438,309.11,0.41,0.37,2026-07-02,2123,N20,VIIRS,n,2.0NRT,294.46,2.13,N
25.38716,68.58456,313.17,0.44,0.38,2026-07-02,2123,N20,VIIRS,n,2.0NRT,291.08,1.55,N
26.09331,68.8777,310.62,0.44,0.38,2026-07-02,2123,N20,VIIRS,n,2.0NRT,292.9,0.76,N
26.14609,68.76354,310.88,0.44,0.38,2026-07-02,2123,N20,VIIRS,n,2.0NRT,295.08,0.8,N
26.97573,67.24229,324.22,0.39,0.36,2026-07-02,2123,N20,VIIRS,n,2.0NRT,297.4,4.01,N
26.97905,67.24291,311.75,0.39,0.36,2026-07-02,2123,N20,VIIRS,n,2.0NRT,297.07,1.93,N
26.983,67.23976,316.32,0.39,0.36,2026-07-02,2123,N20,VIIRS,n,2.0NRT,296.85,1.93,N
27.52915,67.96792,313.87,0.4,0.37,2026-07-02,2123,N20,VIIRS,n,2.0NRT,297.07,0.76,N
27.7885,68.22547,317.06,0.41,0.37,2026-07-02,2123,N20,VIIRS,n,2.0NRT,295.97,4.93,N
28.04881,68.53091,320.68,0.41,0.37,2026-07-02,2123,N20,VIIRS,n,2.0NRT,293.94,3.65,N
28.3448,68.03542,321.93,0.4,0.37,2026-07-02,2123,N20,VIIRS,n,2.0NRT,295.67,4,N
28.67572,68.2328,304.64,0.4,0.37,2026-07-02,2123,N20,VIIRS,n,2.0NRT,291.34,1.75,N
23.91874,71.97879,345.26,0.44,0.38,2026-07-03,835,N20,VIIRS,n,2.0NRT,295.83,8.04,D
24.1019,71.67893,337.27,0.43,0.38,2026-07-03,835,N20,VIIRS,n,2.0NRT,300.57,4.44,D
24.48961,71.3725,341.79,0.42,0.38,2026-07-03,835,N20,VIIRS,n,2.0NRT,298.93,7.88,D
27.96179,69.58145,337.76,0.4,0.37,2026-07-03,837,N20,VIIRS,n,2.0NRT,305.49,5.26,D
28.23186,69.55463,343.05,0.4,0.37,2026-07-03,837,N20,VIIRS,n,2.0NRT,308.76,11.37,D
29.06089,75.72017,340.14,0.52,0.5,2026-07-03,837,N20,VIIRS,n,2.0NRT,293.44,5.21,D
29.06185,75.72273,337.35,0.52,0.5,2026-07-03,837,N20,VIIRS,n,2.0NRT,293.34,5.96,D
29.08455,71.40569,336.03,0.46,0.39,2026-07-03,837,N20,VIIRS,n,2.0NRT,301.91,1.43,D
29.13144,71.53674,333.16,0.47,0.4,2026-07-03,837,N20,VIIRS,n,2.0NRT,302.94,4.2,D
29.49739,71.70273,338.53,0.48,0.4,2026-07-03,837,N20,VIIRS,n,2.0NRT,303.28,5.86,D
29.51403,71.56473,339.09,0.47,0.4,2026-07-03,837,N20,VIIRS,n,2.0NRT,303.37,5.51,D
29.51463,71.56961,340.11,0.47,0.4,2026-07-03,837,N20,VIIRS,n,2.0NRT,302.55,5.51,D
29.53133,71.98434,333.58,0.5,0.41,2026-07-03,837,N20,VIIRS,n,2.0NRT,301.24,2.82,D
29.5829,72.09678,338.56,0.5,0.41,2026-07-03,837,N20,VIIRS,n,2.0NRT,301.26,6.61,D
29.59227,72.17482,344.35,0.51,0.41,2026-07-03,837,N20,VIIRS,n,2.0NRT,302.15,5.95,D
29.60232,72.1946,334.11,0.51,0.41,2026-07-03,837,N20,VIIRS,n,2.0NRT,301.57,3.99,D
29.61809,72.29411,339.28,0.51,0.41,2026-07-03,837,N20,VIIRS,n,2.0NRT,302.7,4.22,D
29.6366,71.68326,344.88,0.48,0.4,2026-07-03,837,N20,VIIRS,n,2.0NRT,301.61,9.88,D
29.65827,72.37834,333.95,0.52,0.41,2026-07-03,837,N20,VIIRS,n,2.0NRT,301.51,3.15,D
29.65937,72.38009,340.16,0.52,0.41,2026-07-03,837,N20,VIIRS,n,2.0NRT,301.48,6.34,D
29.66208,72.37776,338.53,0.52,0.41,2026-07-03,837,N20,VIIRS,n,2.0NRT,302.48,3.15,D
29.67236,72.3326,337.52,0.52,0.41,2026-07-03,837,N20,VIIRS,n,2.0NRT,299.78,2.55,D
29.67351,72.01743,330.65,0.5,0.41,2026-07-03,837,N20,VIIRS,n,2.0NRT,299.92,2.54,D
29.69762,72.38326,331.34,0.52,0.42,2026-07-03,837,N20,VIIRS,n,2.0NRT,298.21,3.34,D
29.6995,72.3994,334.88,0.52,0.42,2026-07-03,837,N20,VIIRS,n,2.0NRT,300.1,2.34,D
29.71353,72.35353,336.04,0.52,0.41,2026-07-03,837,N20,VIIRS,n,2.0NRT,301.46,4.7,D
29.72178,72.29251,339.18,0.51,0.41,2026-07-03,837,N20,VIIRS,n,2.0NRT,301.93,6.22,D
29.72365,72.43968,348.32,0.52,0.42,2026-07-03,837,N20,VIIRS,n,2.0NRT,301.21,9.26,D
29.73129,72.47163,335.51,0.53,0.42,2026-07-03,837,N20,VIIRS,n,2.0NRT,301.63,11.12,D
29.73193,72.47707,337.64,0.53,0.42,2026-07-03,837,N20,VIIRS,n,2.0NRT,299.54,8.43,D
29.73704,72.45419,339.82,0.52,0.42,2026-07-03,837,N20,VIIRS,n,2.0NRT,302.2,6.72,D
29.7419,71.69402,336.91,0.48,0.4,2026-07-03,837,N20,VIIRS,n,2.0NRT,301.22,4.17,D
29.74402,72.38168,333.05,0.52,0.42,2026-07-03,837,N20,VIIRS,n,2.0NRT,300.92,4.08,D
29.75289,72.35847,333.1,0.52,0.41,2026-07-03,837,N20,VIIRS,n,2.0NRT,301.35,3.66,D
29.76377,72.06392,336.77,0.5,0.41,2026-07-03,837,N20,VIIRS,n,2.0NRT,300.6,5.35,D
29.76605,72.38129,338.76,0.52,0.42,2026-07-03,837,N20,VIIRS,n,2.0NRT,300.49,5.73,D
29.76755,72.38358,340.14,0.52,0.42,2026-07-03,837,N20,VIIRS,n,2.0NRT,299.98,3.88,D
29.78336,71.15968,332.12,0.46,0.39,2026-07-03,837,N20,VIIRS,l,2.0NRT,303.7,8.27,D
29.7888,71.98623,337.53,0.5,0.41,2026-07-03,837,N20,VIIRS,n,2.0NRT,299.23,4.94,D
29.80067,72.05289,340.36,0.5,0.41,2026-07-03,837,N20,VIIRS,n,2.0NRT,301.68,4.41,D
29.80305,72.81675,334.56,0.55,0.43,2026-07-03,837,N20,VIIRS,n,2.0NRT,299.57,6.16,D
29.80371,72.82242,336.92,0.55,0.43,2026-07-03,837,N20,VIIRS,n,2.0NRT,299.22,6.16,D
29.80439,72.21241,340.11,0.51,0.41,2026-07-03,837,N20,VIIRS,n,2.0NRT,300.31,7.98,D
29.81699,72.2862,344.56,0.52,0.41,2026-07-03,837,N20,VIIRS,n,2.0NRT,299.64,10.4,D
29.81847,72.60117,339.61,0.53,0.42,2026-07-03,837,N20,VIIRS,n,2.0NRT,296.41,9.81,D
29.82239,72.81164,330.06,0.55,0.43,2026-07-03,837,N20,VIIRS,n,2.0NRT,299.78,1.86,D
29.82541,72.66233,330.62,0.54,0.42,2026-07-03,837,N20,VIIRS,n,2.0NRT,296.97,3.54,D
29.82701,72.11251,335.08,0.51,0.41,2026-07-03,837,N20,VIIRS,n,2.0NRT,300.23,3.59,D
29.84781,72.15739,342.7,0.51,0.41,2026-07-03,837,N20,VIIRS,n,2.0NRT,300.21,6.01,D
29.84832,72.16052,351.55,0.51,0.41,2026-07-03,837,N20,VIIRS,n,2.0NRT,300.69,11.77,D
29.84845,72.16265,341.91,0.51,0.41,2026-07-03,837,N20,VIIRS,n,2.0NRT,301.79,6.01,D
29.86457,72.32796,337.1,0.52,0.41,2026-07-03,837,N20,VIIRS,n,2.0NRT,299.85,6.07,D
29.86523,71.66686,335.48,0.48,0.4,2026-07-03,837,N20,VIIRS,n,2.0NRT,301.56,4.15,D
29.86792,72.3309,339.92,0.52,0.41,2026-07-03,837,N20,VIIRS,n,2.0NRT,300,14.16,D
29.86838,72.32738,345.13,0.52,0.41,2026-07-03,837,N20,VIIRS,n,2.0NRT,301.59,23.72,D
29.89069,72.36031,335.69,0.52,0.42,2026-07-03,837,N20,VIIRS,n,2.0NRT,301.39,16.19,D
29.89132,72.36572,341.27,0.52,0.42,2026-07-03,837,N20,VIIRS,n,2.0NRT,302.7,16.19,D
29.89319,72.60127,333.61,0.54,0.42,2026-07-03,837,N20,VIIRS,n,2.0NRT,301.42,6.76,D
29.8954,72.23413,338.99,0.51,0.41,2026-07-03,837,N20,VIIRS,n,2.0NRT,300.09,8.49,D
29.91302,71.51391,344.47,0.48,0.4,2026-07-03,837,N20,VIIRS,n,2.0NRT,302.52,6.31,D
29.91647,71.63464,337.41,0.48,0.4,2026-07-03,837,N20,VIIRS,n,2.0NRT,302.67,6.24,D
29.92099,71.79802,337.88,0.49,0.4,2026-07-03,837,N20,VIIRS,n,2.0NRT,300.9,6.25,D
29.92159,71.8031,340.72,0.49,0.4,2026-07-03,837,N20,VIIRS,n,2.0NRT,301.16,5.96,D
29.92334,71.80132,342.11,0.49,0.4,2026-07-03,837,N20,VIIRS,n,2.0NRT,301.06,7.92,D
29.92694,72.37128,340.44,0.52,0.42,2026-07-03,837,N20,VIIRS,n,2.0NRT,301.03,10.68,D
29.93205,72.21767,335.97,0.51,0.41,2026-07-03,837,N20,VIIRS,n,2.0NRT,298.64,3.21,D
29.93296,71.67789,343.71,0.48,0.4,2026-07-03,837,N20,VIIRS,n,2.0NRT,302.03,9.45,D
29.93586,72.38095,334.54,0.52,0.42,2026-07-03,837,N20,VIIRS,n,2.0NRT,299.88,15.67,D
29.93618,71.43014,343.34,0.47,0.4,2026-07-03,837,N20,VIIRS,n,2.0NRT,299.51,4.95,D
29.93649,72.38638,340.56,0.52,0.42,2026-07-03,837,N20,VIIRS,n,2.0NRT,299.17,20.24,D
29.9374,71.43991,340.1,0.47,0.4,2026-07-03,837,N20,VIIRS,n,2.0NRT,301.09,5.73,D
29.93968,72.38037,334.44,0.52,0.42,2026-07-03,837,N20,VIIRS,n,2.0NRT,301.42,15.67,D
29.93982,71.42954,343.3,0.47,0.4,2026-07-03,837,N20,VIIRS,n,2.0NRT,299.53,4.95,D
29.94032,72.38579,341.17,0.52,0.42,2026-07-03,837,N20,VIIRS,n,2.0NRT,300.29,20.24,D
29.94104,71.43932,339.99,0.47,0.4,2026-07-03,837,N20,VIIRS,n,2.0NRT,300.58,5.73,D
29.94712,71.45831,336.22,0.47,0.4,2026-07-03,837,N20,VIIRS,n,2.0NRT,301.43,2.01,D
29.94774,71.46322,340.66,0.47,0.4,2026-07-03,837,N20,VIIRS,n,2.0NRT,301.78,6.13,D
29.95355,71.91261,333.73,0.5,0.41,2026-07-03,837,N20,VIIRS,n,2.0NRT,300.96,2.23,D
29.95728,71.91203,349.65,0.5,0.41,2026-07-03,837,N20,VIIRS,n,2.0NRT,303.46,20.1,D
29.9578,72.1778,331.31,0.51,0.41,2026-07-03,837,N20,VIIRS,n,2.0NRT,299.59,3.86,D
29.96055,71.50626,348.23,0.48,0.4,2026-07-03,837,N20,VIIRS,n,2.0NRT,301.9,9.39,D
29.96158,72.17722,337.56,0.51,0.41,2026-07-03,837,N20,VIIRS,n,2.0NRT,300.06,3.86,D
29.96166,72.17531,334.44,0.51,0.41,2026-07-03,837,N20,VIIRS,n,2.0NRT,299.61,5.58,D
29.96175,71.48598,334.19,0.48,0.4,2026-07-03,837,N20,VIIRS,n,2.0NRT,300.35,1.53,D
29.96418,71.47557,335.94,0.47,0.4,2026-07-03,837,N20,VIIRS,n,2.0NRT,301.11,3.51,D
29.96541,71.4854,336.52,0.48,0.4,2026-07-03,837,N20,VIIRS,n,2.0NRT,302.17,10.62,D
29.96602,71.49031,336.49,0.48,0.4,2026-07-03,837,N20,VIIRS,n,2.0NRT,299.65,8.85,D
29.96783,71.47498,339.81,0.47,0.4,2026-07-03,837,N20,VIIRS,n,2.0NRT,303.15,3.51,D
29.97493,72.5477,339.97,0.53,0.42,2026-07-03,837,N20,VIIRS,n,2.0NRT,301.05,2.95,D
29.97879,72.54713,338.89,0.53,0.42,2026-07-03,837,N20,VIIRS,n,2.0NRT,300.61,7.32,D
29.98991,72.42471,334.02,0.53,0.42,2026-07-03,837,N20,VIIRS,n,2.0NRT,302.1,3.26,D
29.99142,72.4223,341.99,0.53,0.42,2026-07-03,837,N20,VIIRS,n,2.0NRT,302.39,24.22,D
29.99313,72.41867,334.55,0.53,0.42,2026-07-03,837,N20,VIIRS,n,2.0NRT,301.23,13.8,D
29.99375,72.42413,340.42,0.53,0.42,2026-07-03,837,N20,VIIRS,n,2.0NRT,301.77,12.83,D
29.99525,72.42172,342.21,0.53,0.42,2026-07-03,837,N20,VIIRS,n,2.0NRT,302.09,7.92,D
29.99758,72.42355,344.7,0.53,0.42,2026-07-03,837,N20,VIIRS,n,2.0NRT,301.49,12.83,D
29.99908,72.42114,341.88,0.53,0.42,2026-07-03,837,N20,VIIRS,n,2.0NRT,300.79,7.92,D
30.00101,72.84167,332.49,0.55,0.43,2026-07-03,837,N20,VIIRS,n,2.0NRT,300.68,4.69,D
30.00237,72.29597,334.61,0.52,0.41,2026-07-03,837,N20,VIIRS,n,2.0NRT,300.98,3.04,D
30.00273,72.61703,331.2,0.54,0.42,2026-07-03,837,N20,VIIRS,n,2.0NRT,299.6,5.01,D
30.00661,72.61645,337.56,0.54,0.42,2026-07-03,837,N20,VIIRS,n,2.0NRT,301.22,5.01,D
30.00726,72.62203,341.51,0.54,0.42,2026-07-03,837,N20,VIIRS,n,2.0NRT,302.99,12.81,D
30.00737,72.33912,342.01,0.52,0.42,2026-07-03,837,N20,VIIRS,n,2.0NRT,302.19,38.51,D
30.00956,72.95194,330.69,0.56,0.43,2026-07-03,837,N20,VIIRS,n,2.0NRT,298.94,2.72,D
30.01042,72.39939,336.65,0.53,0.42,2026-07-03,837,N20,VIIRS,n,2.0NRT,301.26,4.39,D
30.01317,72.28883,335.44,0.52,0.41,2026-07-03,837,N20,VIIRS,n,2.0NRT,300.9,5.77,D
30.0138,72.29422,339.51,0.52,0.41,2026-07-03,837,N20,VIIRS,n,2.0NRT,301.18,5.77,D
30.02328,72.86175,336.78,0.55,0.43,2026-07-03,837,N20,VIIRS,n,2.0NRT,300.14,4.86,D
30.04022,71.96002,337.95,0.5,0.41,2026-07-03,837,N20,VIIRS,n,2.0NRT,302.1,4.72,D
30.04082,71.96522,334.15,0.5,0.41,2026-07-03,837,N20,VIIRS,n,2.0NRT,301.1,3.77,D
30.04194,73.02446,341.08,0.57,0.43,2026-07-03,837,N20,VIIRS,n,2.0NRT,298.31,8.38,D
30.04261,73.03033,335.93,0.57,0.43,2026-07-03,837,N20,VIIRS,n,2.0NRT,297.24,8.38,D
30.04326,71.9617,341.6,0.5,0.41,2026-07-03,837,N20,VIIRS,n,2.0NRT,301.17,9.83,D
30.04591,73.02388,339.4,0.57,0.43,2026-07-03,837,N20,VIIRS,n,2.0NRT,297.8,8.38,D
30.05721,73.26768,342.21,0.39,0.44,2026-07-03,837,N20,VIIRS,n,2.0NRT,303.02,9.62,D
30.05766,73.27172,346.7,0.39,0.44,2026-07-03,837,N20,VIIRS,n,2.0NRT,302.98,15.68,D
30.06465,72.66727,335.55,0.54,0.42,2026-07-03,837,N20,VIIRS,n,2.0NRT,302.1,7.68,D
30.06529,72.6729,339.43,0.54,0.42,2026-07-03,837,N20,VIIRS,n,2.0NRT,301.85,13.21,D
30.06605,71.45664,333.26,0.47,0.4,2026-07-03,837,N20,VIIRS,n,2.0NRT,299.68,1.81,D
30.08746,71.50854,346.8,0.48,0.4,2026-07-03,837,N20,VIIRS,n,2.0NRT,302.06,8.59,D
30.10271,72.33369,333.49,0.52,0.42,2026-07-03,837,N20,VIIRS,n,2.0NRT,301.38,2.85,D
30.10489,72.70724,337.68,0.55,0.42,2026-07-03,837,N20,VIIRS,n,2.0NRT,301.43,4.68,D
30.13343,72.67999,339.69,0.54,0.42,2026-07-03,837,N20,VIIRS,n,2.0NRT,301.85,6.31,D
30.13383,72.67822,337.07,0.54,0.42,2026-07-03,837,N20,VIIRS,n,2.0NRT,301.03,6.88,D
30.1538,71.88151,337.23,0.5,0.41,2026-07-03,837,N20,VIIRS,n,2.0NRT,301.14,4.35,D
30.15441,71.88667,336.2,0.5,0.41,2026-07-03,837,N20,VIIRS,n,2.0NRT,300.11,2.93,D
30.15753,71.88092,338.34,0.5,0.41,2026-07-03,837,N20,VIIRS,n,2.0NRT,300.89,4.35,D
30.15814,71.88608,335.59,0.5,0.41,2026-07-03,837,N20,VIIRS,n,2.0NRT,300.43,2.93,D
30.15833,72.9732,338.99,0.56,0.43,2026-07-03,837,N20,VIIRS,n,2.0NRT,301.21,6.19,D
30.15875,72.48117,348.42,0.53,0.42,2026-07-03,837,N20,VIIRS,n,2.0NRT,302.82,9.1,D
30.15896,72.97907,335.62,0.56,0.43,2026-07-03,837,N20,VIIRS,n,2.0NRT,300.46,6.46,D
30.1597,72.97448,339.2,0.56,0.43,2026-07-03,837,N20,VIIRS,n,2.0NRT,301.61,8.67,D
30.17031,72.93575,333.01,0.56,0.43,2026-07-03,837,N20,VIIRS,n,2.0NRT,300.83,1.89,D
30.17427,72.93516,334.82,0.56,0.43,2026-07-03,837,N20,VIIRS,n,2.0NRT,303.16,4.82,D
30.18402,73.18731,344.27,0.39,0.44,2026-07-03,837,N20,VIIRS,n,2.0NRT,302.22,4.18,D
30.18511,73.18382,343.12,0.39,0.44,2026-07-03,837,N20,VIIRS,n,2.0NRT,302.43,3.06,D
30.1882,72.39834,336.41,0.53,0.42,2026-07-03,837,N20,VIIRS,n,2.0NRT,302.9,3.21,D
30.2204,72.91653,338.39,0.56,0.43,2026-07-03,837,N20,VIIRS,n,2.0NRT,301.25,5.79,D
30.26395,72.13137,333.72,0.51,0.41,2026-07-03,837,N20,VIIRS,n,2.0NRT,302.2,1.89,D
30.28079,73.42328,332.27,0.4,0.44,2026-07-03,837,N20,VIIRS,n,2.0NRT,300.77,0.92,D
30.28177,73.13732,334.3,0.38,0.44,2026-07-03,837,N20,VIIRS,n,2.0NRT,302.35,3.78,D
30.31701,73.14867,343.72,0.39,0.44,2026-07-03,837,N20,VIIRS,n,2.0NRT,302.17,3.5,D
30.31781,73.61024,343.83,0.41,0.45,2026-07-03,837,N20,VIIRS,n,2.0NRT,302.97,4.76,D
30.32727,73.35822,347.67,0.4,0.44,2026-07-03,837,N20,VIIRS,n,2.0NRT,300.21,3.55,D
30.33274,73.33234,343.19,0.39,0.44,2026-07-03,837,N20,VIIRS,n,2.0NRT,303.04,5.87,D
30.33497,73.50953,342.66,0.4,0.45,2026-07-03,837,N20,VIIRS,n,2.0NRT,300.51,4.64,D
30.3383,73.5686,332.76,0.41,0.45,2026-07-03,837,N20,VIIRS,n,2.0NRT,301.75,2.17,D
30.34072,73.5645,330.01,0.41,0.45,2026-07-03,837,N20,VIIRS,l,2.0NRT,300.75,1.36,D
30.34859,73.52045,344.88,0.4,0.45,2026-07-03,837,N20,VIIRS,n,2.0NRT,300.69,8.21,D
30.35269,73.51986,330.97,0.4,0.45,2026-07-03,837,N20,VIIRS,l,2.0NRT,301.71,3.69,D
30.36198,73.64812,331.83,0.41,0.45,2026-07-03,837,N20,VIIRS,l,2.0NRT,302.3,2.13,D
30.38605,73.05714,337.18,0.57,0.43,2026-07-03,837,N20,VIIRS,n,2.0NRT,302.68,3.89,D
30.38754,73.05217,339.03,0.57,0.43,2026-07-03,837,N20,VIIRS,n,2.0NRT,303.41,4.92,D
30.39004,73.05656,337.61,0.57,0.43,2026-07-03,837,N20,VIIRS,n,2.0NRT,302.1,3.89,D
30.3911,72.91786,336.14,0.56,0.43,2026-07-03,837,N20,VIIRS,n,2.0NRT,302.86,3.17,D
30.39797,72.45217,335.76,0.53,0.42,2026-07-03,837,N20,VIIRS,n,2.0NRT,301.24,4.1,D
30.40235,73.55588,355.72,0.41,0.45,2026-07-03,837,N20,VIIRS,n,2.0NRT,301.58,9.16,D
30.41143,72.17957,341.33,0.52,0.41,2026-07-03,837,N20,VIIRS,n,2.0NRT,303.74,5.41,D
30.41228,73.45605,330.97,0.4,0.44,2026-07-03,837,N20,VIIRS,n,2.0NRT,300.11,1.28,D
30.42575,73.61752,341.12,0.41,0.45,2026-07-03,837,N20,VIIRS,n,2.0NRT,300.93,3.78,D
30.44724,73.24619,342.91,0.39,0.44,2026-07-03,837,N20,VIIRS,n,2.0NRT,302.68,5.09,D
30.46344,72.25983,343.25,0.52,0.42,2026-07-03,837,N20,VIIRS,n,2.0NRT,301.94,9.13,D
30.47477,73.78362,331.62,0.42,0.45,2026-07-03,837,N20,VIIRS,n,2.0NRT,299.87,2.49,D
30.5119,73.61561,341.34,0.41,0.45,2026-07-03,837,N20,VIIRS,n,2.0NRT,298.53,3.18,D
30.51593,73.85398,340.76,0.42,0.45,2026-07-03,837,N20,VIIRS,n,2.0NRT,299.51,4.4,D
30.51788,73.71124,334.41,0.42,0.45,2026-07-03,837,N20,VIIRS,n,2.0NRT,300.53,2.82,D
30.52197,73.87116,338.7,0.42,0.46,2026-07-03,837,N20,VIIRS,n,2.0NRT,298.95,1.98,D
30.52529,72.55515,338.39,0.54,0.42,2026-07-03,837,N20,VIIRS,n,2.0NRT,302.15,2.78,D
30.52594,72.37703,341.95,0.53,0.42,2026-07-03,837,N20,VIIRS,n,2.0NRT,305.02,3.67,D
30.52818,72.37845,344.7,0.53,0.42,2026-07-03,837,N20,VIIRS,n,2.0NRT,304.44,6.5,D
30.52979,72.37645,334.33,0.53,0.42,2026-07-03,837,N20,VIIRS,n,2.0NRT,302.53,3.67,D
30.53872,73.99153,334.93,0.43,0.46,2026-07-03,837,N20,VIIRS,n,2.0NRT,298.5,1.84,D
30.53919,73.99604,331.48,0.43,0.46,2026-07-03,837,N20,VIIRS,n,2.0NRT,297.83,2.09,D
30.53995,73.46008,332.73,0.4,0.44,2026-07-03,837,N20,VIIRS,n,2.0NRT,302.09,2.76,D
30.54091,73.4605,333.07,0.4,0.44,2026-07-03,837,N20,VIIRS,n,2.0NRT,302.07,2.22,D
30.54294,73.99095,332.31,0.43,0.46,2026-07-03,837,N20,VIIRS,n,2.0NRT,296.81,1.03,D
30.55962,73.41035,335.07,0.4,0.44,2026-07-03,837,N20,VIIRS,n,2.0NRT,302.15,2.23,D
30.56029,72.82446,336.95,0.56,0.43,2026-07-03,837,N20,VIIRS,n,2.0NRT,300.93,5.34,D
30.57084,73.47717,334.72,0.4,0.45,2026-07-03,837,N20,VIIRS,n,2.0NRT,302.17,2.02,D
30.57753,73.74263,332.13,0.42,0.45,2026-07-03,837,N20,VIIRS,n,2.0NRT,299.72,3.61,D
30.5901,76.28471,330.97,0.59,0.53,2026-07-03,837,N20,VIIRS,n,2.0NRT,290.51,5.75,D
30.59205,76.28645,336.8,0.59,0.53,2026-07-03,837,N20,VIIRS,n,2.0NRT,290.77,5.44,D
30.59421,73.9065,344.12,0.43,0.46,2026-07-03,837,N20,VIIRS,n,2.0NRT,300.53,10.02,D
30.59497,73.5082,335.78,0.41,0.45,2026-07-03,837,N20,VIIRS,n,2.0NRT,300.7,1.97,D
30.59894,73.66451,330.63,0.41,0.45,2026-07-03,837,N20,VIIRS,l,2.0NRT,300.67,2.75,D
30.61644,73.67091,332.67,0.42,0.45,2026-07-03,837,N20,VIIRS,n,2.0NRT,301.08,4.68,D
30.61685,72.02878,343.01,0.51,0.41,2026-07-03,837,N20,VIIRS,n,2.0NRT,301.47,6.27,D
30.62037,73.91205,341.99,0.43,0.46,2026-07-03,837,N20,VIIRS,n,2.0NRT,299.23,4.48,D
30.62612,73.64317,337.35,0.41,0.45,2026-07-03,837,N20,VIIRS,n,2.0NRT,301.8,4.07,D
30.62791,73.86117,336,0.43,0.46,2026-07-03,837,N20,VIIRS,n,2.0NRT,299.12,4.29,D
30.64087,73.66314,335.44,0.42,0.45,2026-07-03,837,N20,VIIRS,n,2.0NRT,299.84,2.06,D
30.6419,73.87284,332.58,0.43,0.46,2026-07-03,837,N20,VIIRS,n,2.0NRT,297.44,3.75,D
30.65861,73.78954,340.2,0.42,0.45,2026-07-03,837,N20,VIIRS,n,2.0NRT,298.36,3.2,D
30.66479,73.88788,332.52,0.43,0.46,2026-07-03,837,N20,VIIRS,n,2.0NRT,300.38,2.37,D
30.6736,73.85048,332.83,0.43,0.46,2026-07-03,837,N20,VIIRS,n,2.0NRT,299.25,3.43,D
30.68557,73.58818,343.51,0.41,0.45,2026-07-03,837,N20,VIIRS,n,2.0NRT,299.09,6.82,D
30.68934,73.99886,330.07,0.43,0.46,2026-07-03,837,N20,VIIRS,n,2.0NRT,299.83,1.96,D
30.69519,73.59998,332.42,0.41,0.45,2026-07-03,837,N20,VIIRS,n,2.0NRT,300.01,1.87,D
30.7015,74.19794,347.14,0.45,0.47,2026-07-03,837,N20,VIIRS,n,2.0NRT,301.44,4.3,D
30.70198,74.20261,332.02,0.45,0.47,2026-07-03,837,N20,VIIRS,n,2.0NRT,300.09,4.3,D
30.71962,73.91866,335.64,0.43,0.46,2026-07-03,837,N20,VIIRS,n,2.0NRT,299.43,3.23,D
30.71971,73.87764,341.54,0.43,0.46,2026-07-03,837,N20,VIIRS,n,2.0NRT,300.23,3.64,D
30.722,73.90008,331.09,0.43,0.46,2026-07-03,837,N20,VIIRS,n,2.0NRT,300.61,4.18,D
30.73416,73.26828,348.97,0.4,0.44,2026-07-03,837,N20,VIIRS,n,2.0NRT,300.94,12.97,D
30.73422,73.26863,354.68,0.4,0.44,2026-07-03,837,N20,VIIRS,n,2.0NRT,300.87,10.74,D
30.74167,73.37309,337.24,0.4,0.44,2026-07-03,837,N20,VIIRS,n,2.0NRT,301.72,3.44,D
30.74217,73.80675,335.1,0.42,0.45,2026-07-03,837,N20,VIIRS,n,2.0NRT,301.34,2.04,D
30.74246,74.01673,331.85,0.44,0.46,2026-07-03,837,N20,VIIRS,n,2.0NRT,300.14,3.81,D
30.7548,73.11555,340.61,0.39,0.44,2026-07-03,837,N20,VIIRS,n,2.0NRT,298.89,3.46,D
30.76179,73.99564,331.5,0.43,0.46,2026-07-03,837,N20,VIIRS,n,2.0NRT,296.48,1.75,D
30.77074,73.99906,343.13,0.43,0.46,2026-07-03,837,N20,VIIRS,n,2.0NRT,298.92,7.29,D
30.77121,74.00361,334,0.44,0.46,2026-07-03,837,N20,VIIRS,n,2.0NRT,297.63,2.53,D
30.77179,73.08422,342.8,0.39,0.44,2026-07-03,837,N20,VIIRS,n,2.0NRT,302.55,3.05,D
30.78108,73.9746,332.55,0.43,0.46,2026-07-03,837,N20,VIIRS,n,2.0NRT,297.6,1.81,D
30.78353,74.25111,331.96,0.45,0.47,2026-07-03,837,N20,VIIRS,n,2.0NRT,298.84,1.89,D
30.78397,74.04364,332.28,0.44,0.46,2026-07-03,837,N20,VIIRS,n,2.0NRT,298.95,0.97,D
30.78748,73.87302,332.55,0.43,0.46,2026-07-03,837,N20,VIIRS,n,2.0NRT,300.44,4.86,D
30.79549,74.23997,330.9,0.45,0.47,2026-07-03,837,N20,VIIRS,n,2.0NRT,297.48,2.03,D
30.80899,74.03567,331.13,0.44,0.46,2026-07-03,837,N20,VIIRS,n,2.0NRT,299.19,2.41,D
30.81212,74.03183,340.78,0.44,0.46,2026-07-03,837,N20,VIIRS,n,2.0NRT,299.82,6.64,D
30.81276,74.03053,339.78,0.44,0.46,2026-07-03,837,N20,VIIRS,n,2.0NRT,300,2.71,D
30.82788,73.52538,337.67,0.41,0.45,2026-07-03,837,N20,VIIRS,n,2.0NRT,297.98,1.67,D
30.84401,73.8391,338.65,0.43,0.46,2026-07-03,837,N20,VIIRS,n,2.0NRT,299.63,3.42,D
30.86036,73.91448,331.4,0.43,0.46,2026-07-03,837,N20,VIIRS,n,2.0NRT,300.17,2.45,D
30.89813,74.0717,342.78,0.44,0.46,2026-07-03,837,N20,VIIRS,n,2.0NRT,298.95,8.16,D
30.91636,73.42754,333.53,0.41,0.45,2026-07-03,837,N20,VIIRS,n,2.0NRT,300.1,1.96,D
30.92677,72.20827,349.47,0.53,0.42,2026-07-03,837,N20,VIIRS,n,2.0NRT,305.72,11.26,D
30.9287,72.20525,345.33,0.53,0.42,2026-07-03,837,N20,VIIRS,n,2.0NRT,303.4,6.87,D
30.93102,74.06466,335.81,0.44,0.46,2026-07-03,837,N20,VIIRS,n,2.0NRT,298.4,2.19,D
30.93331,74.08784,340.56,0.44,0.46,2026-07-03,837,N20,VIIRS,n,2.0NRT,299.22,2.8,D
30.94081,73.30827,338.26,0.4,0.44,2026-07-03,837,N20,VIIRS,n,2.0NRT,299.61,2.23,D
30.95404,73.62367,335.71,0.42,0.45,2026-07-03,837,N20,VIIRS,n,2.0NRT,300.22,2.41,D
31.0109,73.04673,336.37,0.39,0.44,2026-07-03,837,N20,VIIRS,n,2.0NRT,301.32,3.44,D
31.02411,73.20354,336.56,0.4,0.44,2026-07-03,837,N20,VIIRS,n,2.0NRT,301.25,0.8,D
31.05734,73.66817,338.98,0.42,0.45,2026-07-03,837,N20,VIIRS,n,2.0NRT,300.78,6.57,D
31.07778,73.70127,345.55,0.42,0.45,2026-07-03,837,N20,VIIRS,n,2.0NRT,299.15,4.6,D
31.09199,73.57918,331.33,0.42,0.45,2026-07-03,837,N20,VIIRS,n,2.0NRT,299.78,2.02,D
31.10231,73.51588,339.7,0.41,0.45,2026-07-03,837,N20,VIIRS,n,2.0NRT,301.2,5.05,D
31.13392,73.61787,337.63,0.42,0.45,2026-07-03,837,N20,VIIRS,n,2.0NRT,300.84,6.69,D
31.14223,73.34039,343.99,0.4,0.45,2026-07-03,837,N20,VIIRS,n,2.0NRT,302.19,6.62,D
31.17713,72.61485,348.69,0.56,0.43,2026-07-03,837,N20,VIIRS,n,2.0NRT,303.83,11.72,D
31.19588,75.35632,336.47,0.53,0.5,2026-07-03,837,N20,VIIRS,n,2.0NRT,293.4,5.05,D
31.30718,72.67166,337.25,0.56,0.43,2026-07-03,837,N20,VIIRS,n,2.0NRT,305.01,6.2,D
31.3098,72.66929,336.81,0.56,0.43,2026-07-03,837,N20,VIIRS,n,2.0NRT,304.88,4.88,D
31.40049,72.58864,334.92,0.56,0.43,2026-07-03,837,N20,VIIRS,n,2.0NRT,300.74,2.41,D
31.57844,72.7956,344.25,0.57,0.43,2026-07-03,837,N20,VIIRS,n,2.0NRT,300.76,8.21,D
31.59575,72.76849,336.1,0.57,0.43,2026-07-03,837,N20,VIIRS,n,2.0NRT,300.93,2.04,D
31.62391,72.95158,330.41,0.39,0.44,2026-07-03,837,N20,VIIRS,n,2.0NRT,299.89,2.54,D
31.63908,72.9035,343.18,0.39,0.44,2026-07-03,837,N20,VIIRS,n,2.0NRT,300.85,3.41,D
31.66955,72.68307,337.35,0.57,0.43,2026-07-03,837,N20,VIIRS,n,2.0NRT,300.15,3.07,D
31.69853,72.80051,334.05,0.38,0.43,2026-07-03,837,N20,VIIRS,l,2.0NRT,305.36,3.79,D
31.69897,72.80457,334.4,0.38,0.43,2026-07-03,837,N20,VIIRS,l,2.0NRT,305.15,3.79,D
31.70851,73.04587,342.88,0.4,0.44,2026-07-03,837,N20,VIIRS,n,2.0NRT,301.75,3.85,D
31.70962,72.86509,333.97,0.39,0.44,2026-07-03,837,N20,VIIRS,l,2.0NRT,306.13,5.91,D
31.71962,73.1511,342.44,0.4,0.44,2026-07-03,837,N20,VIIRS,n,2.0NRT,297.71,2.81,D
31.79433,73.00008,333.62,0.39,0.44,2026-07-03,837,N20,VIIRS,l,2.0NRT,305.97,10.38,D
31.81799,70.8287,337.34,0.47,0.39,2026-07-03,837,N20,VIIRS,n,2.0NRT,303.71,3.98,D
32.46657,72.9631,331.75,0.4,0.44,2026-07-03,837,N20,VIIRS,n,2.0NRT,297.84,1.6,D
34.1967,73.30594,340.42,0.44,0.46,2026-07-03,839,N20,VIIRS,n,2.0NRT,297.76,5.43,D
34.21432,72.88509,335.88,0.41,0.45,2026-07-03,839,N20,VIIRS,n,2.0NRT,303.85,3.68,D
34.44829,72.68507,330.59,0.41,0.45,2026-07-03,839,N20,VIIRS,l,2.0NRT,303.61,2.9,D
34.46054,72.68243,341.18,0.41,0.45,2026-07-03,839,N20,VIIRS,n,2.0NRT,299.59,3.44,D
36.65798,66.99354,347.83,0.39,0.36,2026-07-03,839,N20,VIIRS,n,2.0NRT,316.72,10.39,D
37.0312,62.41605,308.3,0.37,0.58,2026-07-03,2059,N20,VIIRS,n,2.0NRT,290.11,1.91,N
37.03381,62.4176,314.15,0.37,0.58,2026-07-03,2059,N20,VIIRS,n,2.0NRT,291.48,3.66,N
37.03407,62.41337,324.55,0.37,0.58,2026-07-03,2059,N20,VIIRS,n,2.0NRT,290.02,3.01,N
37.03658,62.41659,316.25,0.37,0.58,2026-07-03,2059,N20,VIIRS,n,2.0NRT,291.14,1.91,N
37.03683,62.41236,312.52,0.37,0.58,2026-07-03,2059,N20,VIIRS,n,2.0NRT,289.56,2.53,N
28.42434,69.70216,322.37,0.4,0.37,2026-07-03,2101,N20,VIIRS,n,2.0NRT,297.87,1.65,N
28.44721,68.45184,316.86,0.43,0.38,2026-07-03,2101,N20,VIIRS,n,2.0NRT,299.17,1.57,N
32.57508,72.56258,310.13,0.38,0.36,2026-07-03,2101,N20,VIIRS,n,2.0NRT,295.38,2.62,N
32.64489,72.97898,310.83,0.39,0.36,2026-07-03,2101,N20,VIIRS,n,2.0NRT,295.62,1.77,N
32.82932,71.60271,309.83,0.39,0.36,2026-07-03,2101,N20,VIIRS,n,2.0NRT,296.86,1.88,N
33.23637,71.5169,305.95,0.39,0.36,2026-07-03,2101,N20,VIIRS,n,2.0NRT,292.1,0.4,N
33.40752,71.93916,308.11,0.39,0.36,2026-07-03,2101,N20,VIIRS,n,2.0NRT,293.83,1.04,N
33.54715,71.55282,310.41,0.39,0.36,2026-07-03,2101,N20,VIIRS,n,2.0NRT,294.87,1.02,N
33.68961,72.7133,311.6,0.38,0.36,2026-07-03,2101,N20,VIIRS,n,2.0NRT,292.86,1.57,N
33.90427,71.91586,308.01,0.39,0.36,2026-07-03,2101,N20,VIIRS,n,2.0NRT,297.38,1.1,N
34.28567,72.73504,302.26,0.38,0.36,2026-07-03,2101,N20,VIIRS,n,2.0NRT,291.22,0.51,N
34.45258,72.69314,307.51,0.38,0.36,2026-07-03,2101,N20,VIIRS,n,2.0NRT,294.03,1.7,N
35.95954,62.93707,299.9,0.34,0.56,2026-07-03,2101,N20,VIIRS,n,2.0NRT,289.69,0.23,N
35.96783,68.68777,305.06,0.5,0.41,2026-07-03,2101,N20,VIIRS,n,2.0NRT,291.71,1.51,N
36.44001,61.21847,302.11,0.43,0.62,2026-07-03,2101,N20,VIIRS,n,2.0NRT,291.1,0.62,N
24.99207,66.93328,305.48,0.46,0.39,2026-07-03,2104,N20,VIIRS,n,2.0NRT,292.67,2.16,N
25.05241,67.49593,310.95,0.44,0.38,2026-07-03,2104,N20,VIIRS,n,2.0NRT,292.55,2.3,N
25.38764,68.5815,308.87,0.41,0.37,2026-07-03,2104,N20,VIIRS,n,2.0NRT,283.33,0.86,N
26.09375,68.87977,301.31,0.4,0.37,2026-07-03,2104,N20,VIIRS,n,2.0NRT,273.67,0.36,N
27.93722,67.7685,317.7,0.46,0.39,2026-07-03,2104,N20,VIIRS,n,2.0NRT,298.15,1.04,N
36.47816,61.62497,301.78,0.47,0.64,2026-07-03,2242,N20,VIIRS,n,2.0NRT,290.25,1.28,N
27.52607,68.0124,341.76,0.54,0.42,2026-07-04,818,N20,VIIRS,l,2.0NRT,313.17,10.06,D
27.57407,68.06548,339.94,0.54,0.42,2026-07-04,818,N20,VIIRS,l,2.0NRT,310.48,8.93,D
27.57715,67.83215,339.63,0.55,0.43,2026-07-04,818,N20,VIIRS,l,2.0NRT,310.4,11.53,D
27.64244,68.11051,340.42,0.53,0.42,2026-07-04,818,N20,VIIRS,l,2.0NRT,311.98,8.7,D
27.67033,67.89334,341.97,0.55,0.42,2026-07-04,820,N20,VIIRS,l,2.0NRT,312.76,12.38,D
27.67664,68.10232,341.77,0.53,0.42,2026-07-04,820,N20,VIIRS,l,2.0NRT,313.69,9.4,D
30.23759,73.44353,337.51,0.39,0.36,2026-07-04,820,N20,VIIRS,n,2.0NRT,302.99,4.58,D
30.2428,73.48003,335.31,0.39,0.36,2026-07-04,820,N20,VIIRS,n,2.0NRT,300.5,3.88,D
30.27599,73.37798,334.49,0.39,0.36,2026-07-04,820,N20,VIIRS,n,2.0NRT,303.49,2.69,D
30.30948,73.56344,343.66,0.39,0.36,2026-07-04,820,N20,VIIRS,n,2.0NRT,303.33,9.29,D
30.334,73.56717,333.85,0.39,0.36,2026-07-04,820,N20,VIIRS,n,2.0NRT,301.95,2.5,D
30.36173,73.45784,340.29,0.39,0.36,2026-07-04,820,N20,VIIRS,n,2.0NRT,304.82,3.93,D
30.36533,73.66621,333.7,0.4,0.37,2026-07-04,820,N20,VIIRS,n,2.0NRT,303.21,2.32,D
30.4025,73.57563,339.8,0.39,0.37,2026-07-04,820,N20,VIIRS,n,2.0NRT,302.25,5.11,D
30.40326,73.43739,337.11,0.39,0.36,2026-07-04,820,N20,VIIRS,n,2.0NRT,304.64,1.83,D
30.41224,73.62,332.89,0.4,0.37,2026-07-04,820,N20,VIIRS,l,2.0NRT,303.11,2.99,D
30.41399,73.63228,338.21,0.4,0.37,2026-07-04,820,N20,VIIRS,n,2.0NRT,304.65,4.58,D
30.42648,73.89225,333.05,0.4,0.37,2026-07-04,820,N20,VIIRS,n,2.0NRT,301.58,3.11,D
30.429,73.96001,334.52,0.4,0.37,2026-07-04,820,N20,VIIRS,n,2.0NRT,303.61,3.17,D
30.43154,73.58693,337.94,0.39,0.37,2026-07-04,820,N20,VIIRS,n,2.0NRT,299.36,3.8,D
30.44524,73.82923,331.77,0.4,0.37,2026-07-04,820,N20,VIIRS,n,2.0NRT,301.13,1.4,D
30.45453,73.4912,336.72,0.39,0.36,2026-07-04,820,N20,VIIRS,n,2.0NRT,303.03,4.33,D
30.45572,73.54039,334.54,0.39,0.36,2026-07-04,820,N20,VIIRS,n,2.0NRT,302.74,3.85,D
30.45808,73.3485,339.68,0.39,0.36,2026-07-04,820,N20,VIIRS,n,2.0NRT,304.41,4.92,D
30.47876,73.72551,349.89,0.4,0.37,2026-07-04,820,N20,VIIRS,n,2.0NRT,303.36,18.59,D
30.47935,73.72962,331.85,0.4,0.37,2026-07-04,820,N20,VIIRS,n,2.0NRT,301.74,3.11,D
30.50854,73.343,344.03,0.39,0.36,2026-07-04,820,N20,VIIRS,n,2.0NRT,305.62,5.2,D
30.50907,73.68274,332.95,0.4,0.37,2026-07-04,820,N20,VIIRS,n,2.0NRT,299,1.91,D
30.51025,73.81385,346.87,0.4,0.37,2026-07-04,820,N20,VIIRS,n,2.0NRT,303.17,6.47,D
30.53655,73.61004,330.85,0.4,0.37,2026-07-04,820,N20,VIIRS,l,2.0NRT,301.35,4.18,D
30.54311,73.77797,338.67,0.4,0.37,2026-07-04,820,N20,VIIRS,n,2.0NRT,301.44,2.52,D
30.5453,73.76907,334.15,0.4,0.37,2026-07-04,820,N20,VIIRS,n,2.0NRT,303.56,3.84,D
30.55343,73.63215,345.14,0.4,0.37,2026-07-04,820,N20,VIIRS,n,2.0NRT,300.88,4.22,D
30.57305,73.49012,336.54,0.39,0.36,2026-07-04,820,N20,VIIRS,n,2.0NRT,302.69,4.27,D
30.58481,73.73198,339.74,0.4,0.37,2026-07-04,820,N20,VIIRS,n,2.0NRT,304.19,6.95,D
30.58977,73.70621,334.54,0.4,0.37,2026-07-04,820,N20,VIIRS,n,2.0NRT,299.88,3.95,D
30.59345,73.96484,337.69,0.4,0.37,2026-07-04,820,N20,VIIRS,n,2.0NRT,301.17,3.33,D
30.60123,73.94627,337.8,0.4,0.37,2026-07-04,820,N20,VIIRS,n,2.0NRT,301.43,5.75,D
30.61221,73.90142,348.2,0.4,0.37,2026-07-04,820,N20,VIIRS,n,2.0NRT,302.01,5.15,D
30.61558,73.90079,338.36,0.4,0.37,2026-07-04,820,N20,VIIRS,n,2.0NRT,300.42,5.15,D
30.62908,73.54672,346.92,0.4,0.37,2026-07-04,820,N20,VIIRS,n,2.0NRT,303.47,4.94,D
30.64008,74.15028,341.85,0.41,0.37,2026-07-04,820,N20,VIIRS,n,2.0NRT,304.41,9.02,D
30.64099,74.05139,340.19,0.4,0.37,2026-07-04,820,N20,VIIRS,n,2.0NRT,302.43,5.55,D
30.64247,73.98652,338.38,0.4,0.37,2026-07-04,820,N20,VIIRS,n,2.0NRT,301.67,4.44,D
30.65491,74.00142,333.75,0.4,0.37,2026-07-04,820,N20,VIIRS,n,2.0NRT,300.18,2.25,D
30.66246,73.8073,345.46,0.4,0.37,2026-07-04,820,N20,VIIRS,n,2.0NRT,301.2,4.35,D
30.69431,73.78856,337.9,0.4,0.37,2026-07-04,820,N20,VIIRS,n,2.0NRT,300.55,4.15,D
30.69851,73.6098,341.84,0.4,0.37,2026-07-04,820,N20,VIIRS,n,2.0NRT,303.35,4.85,D
30.70172,73.58383,334.36,0.4,0.37,2026-07-04,820,N20,VIIRS,n,2.0NRT,303.45,1.29,D
30.72406,73.97572,337.9,0.4,0.37,2026-07-04,820,N20,VIIRS,n,2.0NRT,302.08,5.91,D
30.72743,73.9751,337.55,0.4,0.37,2026-07-04,820,N20,VIIRS,n,2.0NRT,303.14,5.91,D
30.72787,73.95351,338,0.4,0.37,2026-07-04,820,N20,VIIRS,n,2.0NRT,303.56,4.36,D
30.72962,73.68443,341.26,0.4,0.37,2026-07-04,820,N20,VIIRS,n,2.0NRT,302.67,6.56,D
30.7471,73.95895,338.3,0.4,0.37,2026-07-04,820,N20,VIIRS,n,2.0NRT,303.06,3.62,D
30.74769,73.71502,342.63,0.4,0.37,2026-07-04,820,N20,VIIRS,n,2.0NRT,302.8,7.48,D
30.74782,73.28979,336.97,0.39,0.36,2026-07-04,820,N20,VIIRS,n,2.0NRT,302.84,6.31,D
30.74786,73.86436,334.12,0.4,0.37,2026-07-04,820,N20,VIIRS,n,2.0NRT,302.25,4.6,D
30.75039,74.26598,341.16,0.41,0.37,2026-07-04,820,N20,VIIRS,n,2.0NRT,300.93,4.24,D
30.75328,73.9535,338.13,0.4,0.37,2026-07-04,820,N20,VIIRS,n,2.0NRT,301.67,3.29,D
30.76378,74.05511,336.33,0.41,0.37,2026-07-04,820,N20,VIIRS,n,2.0NRT,301.48,3.79,D
30.76864,73.86477,338.91,0.4,0.37,2026-07-04,820,N20,VIIRS,n,2.0NRT,303.68,6.69,D
30.78969,73.91663,337.2,0.4,0.37,2026-07-04,820,N20,VIIRS,n,2.0NRT,302.02,3.73,D
30.79024,73.32348,335.88,0.39,0.36,2026-07-04,820,N20,VIIRS,n,2.0NRT,304.08,4.16,D
30.79331,73.9676,344.58,0.4,0.37,2026-07-04,820,N20,VIIRS,n,2.0NRT,303.85,6.13,D
30.7954,74.05795,336.2,0.41,0.37,2026-07-04,820,N20,VIIRS,n,2.0NRT,304.34,3.93,D
30.80577,74.10809,336.51,0.41,0.37,2026-07-04,820,N20,VIIRS,n,2.0NRT,301.84,2.88,D
30.84566,74.17042,337,0.41,0.37,2026-07-04,820,N20,VIIRS,n,2.0NRT,303.26,7.92,D
30.84787,74.28825,334.01,0.41,0.37,2026-07-04,820,N20,VIIRS,n,2.0NRT,301.7,2.48,D
30.84862,73.8849,333.22,0.4,0.37,2026-07-04,820,N20,VIIRS,n,2.0NRT,298.5,2.33,D
30.84906,74.1698,351.82,0.41,0.37,2026-07-04,820,N20,VIIRS,n,2.0NRT,305.22,7.92,D
30.85199,73.88427,337.46,0.4,0.37,2026-07-04,820,N20,VIIRS,n,2.0NRT,302.28,5.38,D
30.85987,73.29005,343.29,0.39,0.36,2026-07-04,820,N20,VIIRS,n,2.0NRT,305.72,5.06,D
30.86808,74.35948,342.41,0.41,0.37,2026-07-04,820,N20,VIIRS,n,2.0NRT,300.11,4.95,D
30.87497,74.00076,334.77,0.41,0.37,2026-07-04,820,N20,VIIRS,n,2.0NRT,301.94,3.04,D
30.88664,73.95968,344.11,0.4,0.37,2026-07-04,820,N20,VIIRS,n,2.0NRT,304.66,7.63,D
30.8898,73.45251,335.32,0.39,0.37,2026-07-04,820,N20,VIIRS,n,2.0NRT,303.11,4.46,D
30.91367,74.23326,337.45,0.41,0.37,2026-07-04,820,N20,VIIRS,n,2.0NRT,302.96,3.38,D
30.99727,74.1535,346.04,0.41,0.37,2026-07-04,820,N20,VIIRS,n,2.0NRT,302.64,7.86,D
31.01677,73.94101,332.19,0.4,0.37,2026-07-04,820,N20,VIIRS,n,2.0NRT,300.69,1.84,D
31.01944,73.36077,336.18,0.39,0.36,2026-07-04,820,N20,VIIRS,n,2.0NRT,300,5,D
31.02014,73.94038,336.83,0.4,0.37,2026-07-04,820,N20,VIIRS,n,2.0NRT,301.46,1.84,D
31.02037,73.41546,337.32,0.39,0.37,2026-07-04,820,N20,VIIRS,n,2.0NRT,302.54,5.25,D
31.03123,74.30128,332.47,0.41,0.37,2026-07-04,820,N20,VIIRS,n,2.0NRT,302.17,3.06,D
31.03127,74.14727,338.93,0.41,0.37,2026-07-04,820,N20,VIIRS,n,2.0NRT,303.69,8.59,D
31.05987,73.67133,342.37,0.4,0.37,2026-07-04,820,N20,VIIRS,n,2.0NRT,304.65,5.88,D
31.07853,74.70974,330.09,0.43,0.38,2026-07-04,820,N20,VIIRS,l,2.0NRT,302.93,3.92,D
31.10499,73.55192,338.65,0.4,0.37,2026-07-04,820,N20,VIIRS,n,2.0NRT,302.72,7.5,D
31.14751,73.59602,337.19,0.4,0.37,2026-07-04,820,N20,VIIRS,n,2.0NRT,305.3,7.75,D
31.69584,73.10674,333.87,0.39,0.36,2026-07-04,820,N20,VIIRS,n,2.0NRT,302.76,2.47,D
31.80768,73.71684,331.6,0.4,0.37,2026-07-04,820,N20,VIIRS,l,2.0NRT,302.3,3.29,D
31.80826,73.72108,330.6,0.4,0.37,2026-07-04,820,N20,VIIRS,l,2.0NRT,300.89,1.36,D
31.88167,74.21223,334.44,0.42,0.37,2026-07-04,820,N20,VIIRS,n,2.0NRT,298.37,2.18,D
31.98168,73.16348,332.42,0.39,0.37,2026-07-04,820,N20,VIIRS,l,2.0NRT,306.75,3,D
32.43141,74.41504,334.7,0.43,0.38,2026-07-04,820,N20,VIIRS,n,2.0NRT,301.15,3.32,D
33.00349,75.69512,331.17,0.48,0.4,2026-07-04,820,N20,VIIRS,n,2.0NRT,301.3,3.58,D
33.01,74.13521,335.93,0.42,0.38,2026-07-04,820,N20,VIIRS,n,2.0NRT,304.47,2.77,D
33.05035,74.07708,338.03,0.42,0.38,2026-07-04,820,N20,VIIRS,n,2.0NRT,304.68,4.2,D
33.22357,73.88289,335.21,0.42,0.37,2026-07-04,820,N20,VIIRS,n,2.0NRT,303.79,3.81,D
33.22415,73.88733,335.23,0.42,0.38,2026-07-04,820,N20,VIIRS,n,2.0NRT,303.38,3.63,D
34.44863,72.69456,347.86,0.4,0.37,2026-07-04,820,N20,VIIRS,n,2.0NRT,308.9,7.93,D
34.44925,72.69895,346.03,0.4,0.37,2026-07-04,820,N20,VIIRS,n,2.0NRT,305.4,2.65,D
34.45259,72.69824,334.16,0.4,0.37,2026-07-04,820,N20,VIIRS,l,2.0NRT,304.41,2.65,D
34.54425,72.41741,346.94,0.39,0.36,2026-07-04,820,N20,VIIRS,n,2.0NRT,309.77,8.44,D
34.75306,72.0947,337.65,0.39,0.36,2026-07-04,820,N20,VIIRS,l,2.0NRT,310.66,4.12,D
34.75365,72.09885,341.68,0.39,0.36,2026-07-04,820,N20,VIIRS,n,2.0NRT,309.99,4.12,D
37.0197,60.88274,342.39,0.56,0.52,2026-07-04,822,N20,VIIRS,l,2.0NRT,313.9,5.34,D
37.03238,62.41549,345.4,0.47,0.48,2026-07-04,822,N20,VIIRS,l,2.0NRT,320.23,14.59,D
33.56893,73.86996,306.54,0.46,0.39,2026-07-04,2042,N20,VIIRS,n,2.0NRT,294.77,1.39,N
33.69007,72.71191,310.74,0.51,0.41,2026-07-04,2042,N20,VIIRS,n,2.0NRT,299.16,1.42,N
33.69058,72.71087,311.53,0.51,0.41,2026-07-04,2042,N20,VIIRS,n,2.0NRT,298.75,1.63,N
34.44112,72.69692,306.46,0.52,0.42,2026-07-04,2042,N20,VIIRS,n,2.0NRT,294.52,1.74,N
34.44177,72.69106,317.7,0.52,0.42,2026-07-04,2042,N20,VIIRS,n,2.0NRT,294.89,1.74,N
34.4425,72.69598,319.91,0.52,0.42,2026-07-04,2042,N20,VIIRS,n,2.0NRT,295.43,3.46,N
34.44321,72.68999,317.84,0.52,0.42,2026-07-04,2042,N20,VIIRS,n,2.0NRT,295.02,3.22,N
34.44485,72.69845,322.1,0.52,0.42,2026-07-04,2042,N20,VIIRS,n,2.0NRT,295.98,1.74,N
34.44551,72.69259,305.86,0.52,0.42,2026-07-04,2042,N20,VIIRS,n,2.0NRT,294.68,1.74,N
34.44558,72.70286,319.76,0.52,0.42,2026-07-04,2042,N20,VIIRS,n,2.0NRT,295.42,3.46,N
34.44804,72.70463,323.73,0.52,0.42,2026-07-04,2042,N20,VIIRS,n,2.0NRT,295.45,3.76,N
34.44942,72.70325,322.76,0.52,0.42,2026-07-04,2042,N20,VIIRS,n,2.0NRT,295.33,4.12,N
34.45248,72.69978,306.76,0.52,0.42,2026-07-04,2042,N20,VIIRS,n,2.0NRT,294.56,2.76,N
35.96879,68.68724,309.79,0.6,0.53,2026-07-04,2042,N20,VIIRS,n,2.0NRT,293.7,2.06,N
37.03608,62.41598,310.31,0.68,0.74,2026-07-04,2042,N20,VIIRS,n,2.0NRT,291.77,5.09,N
37.03626,62.40813,304.89,0.68,0.74,2026-07-04,2042,N20,VIIRS,n,2.0NRT,290.06,3.85,N
37.03633,62.41567,309.34,0.68,0.74,2026-07-04,2042,N20,VIIRS,n,2.0NRT,291.36,3.33,N
37.03646,62.40782,304.58,0.69,0.74,2026-07-04,2042,N20,VIIRS,n,2.0NRT,290.11,3.33,N
25.38867,68.58325,305.47,0.46,0.47,2026-07-04,2044,N20,VIIRS,n,2.0NRT,284.26,0.66,N
26.25936,74.09788,303.2,0.4,0.37,2026-07-04,2044,N20,VIIRS,n,2.0NRT,279.56,0.56,N
27.37327,77.69318,310.19,0.41,0.37,2026-07-04,2044,N20,VIIRS,n,2.0NRT,284.87,2.04,N
27.66689,76.13042,309.94,0.38,0.36,2026-07-04,2044,N20,VIIRS,n,2.0NRT,283.82,1.9,N
28.46357,77.18252,318.99,0.39,0.36,2026-07-04,2044,N20,VIIRS,n,2.0NRT,288.11,1.03,N
30.84172,74.12788,322.91,0.42,0.38,2026-07-04,2044,N20,VIIRS,n,2.0NRT,288.52,3.48,N
31.24925,76.92901,303,0.38,0.36,2026-07-04,2044,N20,VIIRS,n,2.0NRT,288.68,0.53,N
31.32971,76.89613,307.94,0.38,0.36,2026-07-04,2044,N20,VIIRS,n,2.0NRT,289.65,1.03,N
37.03219,62.41662,315.38,0.55,0.51,2026-07-04,2222,N20,VIIRS,n,2.0NRT,291.89,5.21,N
37.03442,62.41826,324.52,0.55,0.51,2026-07-04,2222,N20,VIIRS,n,2.0NRT,293.26,5.41,N
27.3837,68.06862,334.79,0.34,0.56,2026-07-05,758,N20,VIIRS,l,2.0NRT,306.6,1.57,D
27.41238,67.97061,337.04,0.34,0.56,2026-07-05,758,N20,VIIRS,l,2.0NRT,308.01,3.78,D
27.41497,67.9699,337.42,0.34,0.56,2026-07-05,758,N20,VIIRS,l,2.0NRT,308.3,3.14,D
27.48071,71.71908,342.39,0.41,0.45,2026-07-05,758,N20,VIIRS,n,2.0NRT,302.62,5.7,D
27.92746,67.56079,340.52,0.36,0.57,2026-07-05,758,N20,VIIRS,n,2.0NRT,307.09,3.32,D
27.92827,67.56429,338.56,0.36,0.57,2026-07-05,758,N20,VIIRS,n,2.0NRT,306.66,3.32,D
28.19393,68.26657,338.08,0.32,0.54,2026-07-05,758,N20,VIIRS,n,2.0NRT,306.98,11.82,D
28.42242,67.86612,367,0.33,0.55,2026-07-05,758,N20,VIIRS,h,2.0NRT,310.58,8.86,D
28.51575,70.58404,331.51,0.46,0.47,2026-07-05,758,N20,VIIRS,l,2.0NRT,304.34,4.05,D
28.51668,70.58861,330.74,0.46,0.47,2026-07-05,758,N20,VIIRS,l,2.0NRT,303.88,4.05,D
28.58873,67.94974,344.94,0.33,0.55,2026-07-05,758,N20,VIIRS,n,2.0NRT,310.08,2.42,D
28.80976,70.2729,330.65,0.47,0.48,2026-07-05,758,N20,VIIRS,l,2.0NRT,305.04,6.2,D
29.00755,70.54267,332.23,0.45,0.47,2026-07-05,758,N20,VIIRS,l,2.0NRT,306.65,7.64,D
29.37352,70.71718,345.1,0.43,0.46,2026-07-05,758,N20,VIIRS,n,2.0NRT,307.32,8.19,D
29.41907,71.33913,334.75,0.4,0.44,2026-07-05,758,N20,VIIRS,n,2.0NRT,301.56,4.8,D
29.47216,71.41069,337.04,0.39,0.44,2026-07-05,758,N20,VIIRS,n,2.0NRT,304.91,3.55,D
29.47291,71.3937,331.8,0.4,0.44,2026-07-05,758,N20,VIIRS,l,2.0NRT,302.79,2.4,D
29.49434,71.0223,332.54,0.41,0.45,2026-07-05,758,N20,VIIRS,l,2.0NRT,306.24,3.77,D
29.4952,71.02648,332.71,0.41,0.45,2026-07-05,758,N20,VIIRS,l,2.0NRT,306.73,3.44,D
29.49562,71.0222,333.83,0.41,0.45,2026-07-05,758,N20,VIIRS,l,2.0NRT,306.51,3.76,D
29.49645,71.02638,333.53,0.41,0.45,2026-07-05,758,N20,VIIRS,l,2.0NRT,306.59,3.85,D
29.4984,71.02123,334.82,0.41,0.45,2026-07-05,758,N20,VIIRS,l,2.0NRT,308.16,3.77,D
29.49926,71.02541,334.67,0.41,0.45,2026-07-05,758,N20,VIIRS,l,2.0NRT,307.9,3.44,D
29.49968,71.02112,333.33,0.41,0.45,2026-07-05,758,N20,VIIRS,l,2.0NRT,307.79,3.76,D
29.50012,71.02958,333.61,0.41,0.45,2026-07-05,758,N20,VIIRS,l,2.0NRT,307.05,3.44,D
29.50051,71.02531,334.73,0.41,0.45,2026-07-05,758,N20,VIIRS,l,2.0NRT,307.83,3.85,D
29.50134,71.02949,333.77,0.41,0.45,2026-07-05,758,N20,VIIRS,l,2.0NRT,306.93,3.85,D
29.51901,71.1424,352.07,0.41,0.45,2026-07-05,758,N20,VIIRS,n,2.0NRT,304.18,13.44,D
29.51953,71.1426,350.97,0.41,0.45,2026-07-05,758,N20,VIIRS,n,2.0NRT,304.02,13.48,D
29.56792,71.49413,331.53,0.39,0.44,2026-07-05,758,N20,VIIRS,n,2.0NRT,296.16,1.82,D
29.61571,72.05036,334.18,0.54,0.42,2026-07-05,758,N20,VIIRS,l,2.0NRT,306.23,5.06,D
29.65344,70.72769,335.42,0.43,0.46,2026-07-05,758,N20,VIIRS,l,2.0NRT,305.59,4.94,D
29.67899,70.92629,341.81,0.42,0.45,2026-07-05,758,N20,VIIRS,n,2.0NRT,302.94,3.7,D
29.69562,71.15751,332.33,0.4,0.44,2026-07-05,758,N20,VIIRS,l,2.0NRT,307.12,3.69,D
29.72046,71.88041,333.31,0.55,0.43,2026-07-05,758,N20,VIIRS,l,2.0NRT,307.86,2.59,D
29.7254,71.88503,336.4,0.55,0.43,2026-07-05,758,N20,VIIRS,l,2.0NRT,308.64,20.17,D
29.7265,71.89064,339.33,0.55,0.43,2026-07-05,758,N20,VIIRS,n,2.0NRT,307.84,20.17,D
29.74577,71.8857,332.7,0.55,0.43,2026-07-05,758,N20,VIIRS,l,2.0NRT,305.24,2.34,D
29.77793,72.05235,345.88,0.54,0.42,2026-07-05,758,N20,VIIRS,n,2.0NRT,307.91,9.12,D
29.83553,71.32925,343.91,0.39,0.44,2026-07-05,758,N20,VIIRS,n,2.0NRT,304.19,3.74,D
29.84186,71.25606,333.18,0.4,0.44,2026-07-05,758,N20,VIIRS,n,2.0NRT,302.08,1.65,D
29.88378,72.27944,341.21,0.53,0.42,2026-07-05,758,N20,VIIRS,n,2.0NRT,306.16,12.77,D
29.95243,71.5094,337.94,0.57,0.43,2026-07-05,758,N20,VIIRS,n,2.0NRT,302.11,3.99,D
29.95635,71.50839,340.73,0.57,0.43,2026-07-05,758,N20,VIIRS,n,2.0NRT,302.09,5.68,D
29.96128,71.4918,331.12,0.38,0.43,2026-07-05,758,N20,VIIRS,n,2.0NRT,300.93,2.3,D
29.9652,71.49078,341.61,0.38,0.43,2026-07-05,758,N20,VIIRS,n,2.0NRT,300.13,2.3,D
30.06819,71.47736,339.22,0.57,0.43,2026-07-05,758,N20,VIIRS,n,2.0NRT,304.33,6.9,D
30.19209,67.6861,339.78,0.62,0.54,2026-07-05,758,N20,VIIRS,l,2.0NRT,311.43,2.92,D
30.49161,70.84851,332.35,0.4,0.45,2026-07-05,758,N20,VIIRS,l,2.0NRT,307.26,4.69,D
30.57813,73.73122,334.5,0.44,0.39,2026-07-05,758,N20,VIIRS,l,2.0NRT,296.01,2.08,D
30.57895,73.73579,331.08,0.44,0.39,2026-07-05,758,N20,VIIRS,l,2.0NRT,297.41,2.63,D
30.82466,76.13155,334.08,0.39,0.36,2026-07-05,758,N20,VIIRS,n,2.0NRT,296.89,1.6,D
30.89294,76.26231,338.89,0.39,0.36,2026-07-05,758,N20,VIIRS,n,2.0NRT,297.38,3.45,D
30.94462,76.20167,336.27,0.39,0.36,2026-07-05,758,N20,VIIRS,n,2.0NRT,298.48,2.52,D
31.33237,75.81205,334.81,0.39,0.36,2026-07-05,758,N20,VIIRS,n,2.0NRT,300.79,2.45,D
31.47221,75.4748,330.53,0.39,0.36,2026-07-05,758,N20,VIIRS,l,2.0NRT,297.35,1.74,D
25.79402,68.6994,338.19,0.34,0.56,2026-07-05,801,N20,VIIRS,n,2.0NRT,298.15,2.9,D
26.88663,72.04205,335.42,0.41,0.45,2026-07-05,801,N20,VIIRS,n,2.0NRT,299.44,1.71,D
34.26558,72.88694,342.4,0.43,0.38,2026-07-05,801,N20,VIIRS,l,2.0NRT,306.59,8.34,D
34.2699,72.89091,341.82,0.43,0.38,2026-07-05,801,N20,VIIRS,l,2.0NRT,305.43,5.5,D
34.38744,72.91415,337.13,0.43,0.38,2026-07-05,801,N20,VIIRS,n,2.0NRT,302.13,4.19,D
34.39167,72.91776,345.25,0.43,0.38,2026-07-05,801,N20,VIIRS,n,2.0NRT,302.07,4.19,D
34.43861,72.69029,348.99,0.44,0.38,2026-07-05,801,N20,VIIRS,n,2.0NRT,307.45,13.03,D
34.752,72.10023,334.6,0.45,0.39,2026-07-05,801,N20,VIIRS,l,2.0NRT,308.38,4.09,D
37.03358,62.41595,343.76,0.42,0.61,2026-07-05,803,N20,VIIRS,l,2.0NRT,316.81,11.6,D
25.82139,66.55785,333.57,0.63,0.72,2026-07-05,941,N20,VIIRS,n,2.0NRT,298.66,4.96,D
35.9686,68.68423,304.08,0.56,0.68,2026-07-05,2021,N20,VIIRS,n,2.0NRT,290.11,1.52,N
32.29652,70.73028,308.96,0.39,0.6,2026-07-05,2023,N20,VIIRS,n,2.0NRT,292.91,1.1,N
33.76655,71.96012,314.84,0.34,0.56,2026-07-05,2023,N20,VIIRS,n,2.0NRT,295.6,5.08,N
33.7668,71.9567,367,0.34,0.56,2026-07-05,2023,N20,VIIRS,h,2.0NRT,295.89,4.49,N
33.76705,71.95329,311.91,0.34,0.56,2026-07-05,2023,N20,VIIRS,n,2.0NRT,294.72,4.49,N
34.41079,72.71745,316.64,0.63,0.54,2026-07-05,2023,N20,VIIRS,n,2.0NRT,292.8,4.44,N
34.41085,72.71797,316.41,0.63,0.54,2026-07-05,2023,N20,VIIRS,n,2.0NRT,292.63,4.24,N
34.44139,72.7134,315.73,0.63,0.54,2026-07-05,2023,N20,VIIRS,n,2.0NRT,293.7,4.64,N
34.44633,72.715,315.74,0.63,0.54,2026-07-05,2023,N20,VIIRS,n,2.0NRT,293.63,2.76,N
34.45143,72.71433,306.92,0.63,0.54,2026-07-05,2023,N20,VIIRS,n,2.0NRT,292.92,2.76,N
34.45195,72.70747,310.75,0.63,0.54,2026-07-05,2023,N20,VIIRS,n,2.0NRT,293.3,4.05,N
34.46555,72.66212,307.88,0.32,0.54,2026-07-05,2023,N20,VIIRS,n,2.0NRT,292.84,1.82,N
34.46583,72.65846,308.44,0.32,0.55,2026-07-05,2023,N20,VIIRS,n,2.0NRT,292.57,1.47,N
34.63009,72.22614,312.63,0.34,0.56,2026-07-05,2023,N20,VIIRS,n,2.0NRT,292.81,1.73,N
35.18852,70.54066,299.08,0.43,0.62,2026-07-05,2023,N20,VIIRS,n,2.0NRT,283.3,0.9,N
27.53511,67.95788,302.38,0.52,0.67,2026-07-05,2025,N20,VIIRS,n,2.0NRT,287.25,0.43,N
34.39144,72.82984,302.68,0.65,0.73,2026-07-05,2203,N20,VIIRS,n,2.0NRT,287.94,1.74,N
34.41041,72.7179,310.46,0.65,0.73,2026-07-05,2203,N20,VIIRS,n,2.0NRT,288,2.5,N
34.45067,72.72038,303.43,0.64,0.72,2026-07-05,2203,N20,VIIRS,n,2.0NRT,288.23,1.38,N
34.45287,72.71304,303.07,0.64,0.72,2026-07-05,2203,N20,VIIRS,n,2.0NRT,288.39,1.64,N
34.63227,72.22726,305.87,0.6,0.71,2026-07-05,2203,N20,VIIRS,n,2.0NRT,289.93,1.14,N
34.75772,72.10262,305.36,0.59,0.7,2026-07-05,2203,N20,VIIRS,n,2.0NRT,290.52,2.2,N
35.96659,68.6846,302.57,0.35,0.57,2026-07-05,2203,N20,VIIRS,n,2.0NRT,291.28,0.65,N
35.97149,68.68705,301.12,0.35,0.57,2026-07-05,2203,N20,VIIRS,n,2.0NRT,290.87,0.65,N
36.43895,61.22186,312.87,0.45,0.39,2026-07-05,2203,N20,VIIRS,n,2.0NRT,295.13,0.77,N
37.03051,62.41985,304.27,0.49,0.4,2026-07-05,2203,N20,VIIRS,n,2.0NRT,293.67,1.63,N
37.03413,62.42096,318.86,0.49,0.4,2026-07-05,2203,N20,VIIRS,n,2.0NRT,294.73,2.88,N
37.03518,62.41562,312.17,0.49,0.4,2026-07-05,2203,N20,VIIRS,n,2.0NRT,294.42,2.88,N
27.64228,67.19846,332.85,0.73,0.76,2026-07-06,741,N20,VIIRS,l,2.0NRT,304.95,7.51,D
27.64807,67.1926,342.71,0.73,0.76,2026-07-06,741,N20,VIIRS,n,2.0NRT,305.73,7.17,D
27.64826,67.1935,344.09,0.73,0.76,2026-07-06,741,N20,VIIRS,n,2.0NRT,305.61,7.51,D
27.82353,68.08128,350.93,0.64,0.72,2026-07-06,741,N20,VIIRS,n,2.0NRT,303.65,10.55,D
28.00704,67.34386,335.75,0.7,0.75,2026-07-06,741,N20,VIIRS,n,2.0NRT,305.65,5.88,D
28.01122,67.34074,335.02,0.7,0.75,2026-07-06,741,N20,VIIRS,l,2.0NRT,305.53,4.99,D
29.08854,70.67743,330.14,0.42,0.61,2026-07-06,741,N20,VIIRS,l,2.0NRT,303.9,3.79,D
29.09298,70.67152,330.49,0.42,0.61,2026-07-06,741,N20,VIIRS,l,2.0NRT,303.2,3.79,D
29.09398,70.67568,330.28,0.42,0.61,2026-07-06,741,N20,VIIRS,l,2.0NRT,303.18,3.79,D
29.45625,76.87024,334.65,0.54,0.42,2026-07-06,741,N20,VIIRS,n,2.0NRT,294.33,5.82,D
29.45703,76.86794,336.91,0.54,0.42,2026-07-06,741,N20,VIIRS,n,2.0NRT,294.51,3.38,D
29.49761,71.02483,331.67,0.39,0.59,2026-07-06,741,N20,VIIRS,l,2.0NRT,304.57,4.18,D
29.49854,71.02873,331.02,0.39,0.59,2026-07-06,741,N20,VIIRS,l,2.0NRT,304.11,4.18,D
29.49954,71.02448,331.56,0.39,0.59,2026-07-06,741,N20,VIIRS,l,2.0NRT,305.04,3.05,D
29.5005,71.02837,331,0.39,0.59,2026-07-06,741,N20,VIIRS,l,2.0NRT,304.79,3.05,D
29.50133,71.73787,335.96,0.35,0.57,2026-07-06,741,N20,VIIRS,n,2.0NRT,299.37,2.35,D
29.50161,71.97789,351.14,0.34,0.56,2026-07-06,741,N20,VIIRS,n,2.0NRT,288.34,4.27,D
29.50216,71.74142,334.84,0.35,0.57,2026-07-06,741,N20,VIIRS,n,2.0NRT,298.77,3.62,D
29.50474,71.72923,333.77,0.35,0.57,2026-07-06,741,N20,VIIRS,n,2.0NRT,299.88,3.15,D
29.50558,71.73278,339.98,0.35,0.57,2026-07-06,741,N20,VIIRS,n,2.0NRT,299.13,3.24,D
29.51827,71.98017,339.23,0.34,0.56,2026-07-06,741,N20,VIIRS,n,2.0NRT,284.69,1.72,D
29.60768,72.25807,338.44,0.33,0.55,2026-07-06,741,N20,VIIRS,n,2.0NRT,304.42,2.78,D
29.63153,72.02539,335.79,0.34,0.56,2026-07-06,741,N20,VIIRS,n,2.0NRT,297.5,3.28,D
29.63326,72.02476,338.46,0.34,0.56,2026-07-06,741,N20,VIIRS,n,2.0NRT,296.88,3.65,D
29.64028,72.21642,334.09,0.33,0.55,2026-07-06,741,N20,VIIRS,l,2.0NRT,304.14,2.32,D
29.65887,72.31973,335.44,0.32,0.55,2026-07-06,741,N20,VIIRS,n,2.0NRT,303.22,3.31,D
29.67169,72.32978,334.37,0.32,0.55,2026-07-06,741,N20,VIIRS,n,2.0NRT,303.45,1.33,D
29.67613,72.12363,350.44,0.33,0.56,2026-07-06,741,N20,VIIRS,n,2.0NRT,297.07,5.21,D
29.6779,70.90413,337.73,0.39,0.6,2026-07-06,741,N20,VIIRS,n,2.0NRT,301.84,3.24,D
29.68082,72.21107,333.43,0.33,0.55,2026-07-06,741,N20,VIIRS,n,2.0NRT,300.14,2.38,D
29.68133,72.21104,331.46,0.33,0.55,2026-07-06,741,N20,VIIRS,n,2.0NRT,300.63,1.8,D
29.72509,72.03676,333.5,0.34,0.56,2026-07-06,741,N20,VIIRS,n,2.0NRT,301.88,1.79,D
29.72901,71.9034,367,0.34,0.56,2026-07-06,741,N20,VIIRS,h,2.0NRT,305.69,12.69,D
29.74565,71.5125,339.05,0.36,0.57,2026-07-06,741,N20,VIIRS,n,2.0NRT,293.28,3.65,D
29.74578,71.51112,343.62,0.36,0.57,2026-07-06,741,N20,VIIRS,n,2.0NRT,293.49,3.93,D
29.75109,72.01067,330.39,0.34,0.56,2026-07-06,741,N20,VIIRS,n,2.0NRT,299.99,1.24,D
29.75346,72.4988,334.11,0.63,0.54,2026-07-06,741,N20,VIIRS,n,2.0NRT,300.83,4.95,D
29.75485,72.01235,334.94,0.34,0.56,2026-07-06,741,N20,VIIRS,n,2.0NRT,301.39,1.28,D
29.7754,72.18593,334.13,0.33,0.55,2026-07-06,741,N20,VIIRS,n,2.0NRT,301.01,1.8,D
29.77615,72.18921,332.19,0.33,0.55,2026-07-06,741,N20,VIIRS,n,2.0NRT,301.12,1.8,D
29.77783,72.10959,367,0.33,0.55,2026-07-06,741,N20,VIIRS,h,2.0NRT,302.39,10.46,D
29.78927,72.04517,335.55,0.33,0.56,2026-07-06,741,N20,VIIRS,n,2.0NRT,302.57,2.17,D
29.79005,72.04852,335.81,0.33,0.56,2026-07-06,741,N20,VIIRS,n,2.0NRT,301.31,2.17,D
29.80041,71.46298,333.68,0.36,0.58,2026-07-06,741,N20,VIIRS,n,2.0NRT,294.62,0.95,D
29.80148,72.4368,331.09,0.64,0.54,2026-07-06,741,N20,VIIRS,n,2.0NRT,299.58,3.2,D
29.80766,72.39556,331.36,0.32,0.55,2026-07-06,741,N20,VIIRS,n,2.0NRT,299.84,1.06,D
29.84961,72.14467,338.84,0.33,0.55,2026-07-06,741,N20,VIIRS,n,2.0NRT,301.15,1.17,D
29.85837,72.1597,334.48,0.33,0.55,2026-07-06,741,N20,VIIRS,n,2.0NRT,302.42,1.79,D
29.87073,72.07937,367,0.33,0.55,2026-07-06,741,N20,VIIRS,h,2.0NRT,303.07,10.23,D
29.87121,72.07752,345.52,0.33,0.55,2026-07-06,741,N20,VIIRS,n,2.0NRT,301.84,5.03,D
29.87124,72.26109,334.61,0.32,0.55,2026-07-06,741,N20,VIIRS,n,2.0NRT,300.59,2.16,D
29.87197,72.08086,367,0.33,0.55,2026-07-06,741,N20,VIIRS,h,2.0NRT,301.42,5.03,D
29.8744,72.38794,355.23,0.32,0.54,2026-07-06,741,N20,VIIRS,n,2.0NRT,302.76,12.29,D
29.87514,72.39113,367,0.32,0.54,2026-07-06,741,N20,VIIRS,h,2.0NRT,299.94,20.99,D
29.88302,72.15373,338.91,0.33,0.55,2026-07-06,741,N20,VIIRS,n,2.0NRT,301.67,2.95,D
29.88303,72.15215,335.3,0.33,0.55,2026-07-06,741,N20,VIIRS,n,2.0NRT,301.75,2.86,D
29.884,71.67875,336.16,0.35,0.57,2026-07-06,741,N20,VIIRS,n,2.0NRT,304.89,2.7,D
29.88951,72.15882,335,0.33,0.55,2026-07-06,741,N20,VIIRS,n,2.0NRT,301.95,7.83,D
29.89023,72.16055,353.91,0.33,0.55,2026-07-06,741,N20,VIIRS,n,2.0NRT,304.53,7.61,D
29.89028,72.16212,367,0.33,0.55,2026-07-06,741,N20,VIIRS,h,2.0NRT,303.34,9.29,D
29.89099,72.16385,348.96,0.33,0.55,2026-07-06,741,N20,VIIRS,n,2.0NRT,301.18,11.32,D
29.89516,72.15904,335.8,0.33,0.55,2026-07-06,741,N20,VIIRS,n,2.0NRT,302.85,7.61,D
29.89522,72.16062,367,0.33,0.55,2026-07-06,741,N20,VIIRS,h,2.0NRT,302.37,6.13,D
29.89716,71.65894,334.24,0.35,0.57,2026-07-06,741,N20,VIIRS,n,2.0NRT,301.59,1.93,D
29.90247,72.169,333.69,0.33,0.55,2026-07-06,741,N20,VIIRS,n,2.0NRT,301.73,3.06,D
29.91067,71.43981,367,0.36,0.57,2026-07-06,741,N20,VIIRS,h,2.0NRT,300.89,7.82,D
29.91397,71.36047,343.48,0.37,0.58,2026-07-06,741,N20,VIIRS,n,2.0NRT,301.43,3.2,D
29.91401,71.36102,341.02,0.36,0.58,2026-07-06,741,N20,VIIRS,n,2.0NRT,301.16,3.42,D
29.92126,72.43346,341.38,0.63,0.54,2026-07-06,741,N20,VIIRS,n,2.0NRT,296.53,5.67,D
29.92564,72.3844,337.85,0.64,0.54,2026-07-06,741,N20,VIIRS,n,2.0NRT,294.63,3.64,D
29.92634,72.38201,337.09,0.64,0.54,2026-07-06,741,N20,VIIRS,n,2.0NRT,295.35,4.33,D
29.93105,71.59528,339.11,0.35,0.57,2026-07-06,741,N20,VIIRS,n,2.0NRT,296.68,2.32,D
29.93161,72.31902,338.8,0.32,0.55,2026-07-06,741,N20,VIIRS,n,2.0NRT,299.35,1.82,D
29.9341,72.5575,337.57,0.62,0.54,2026-07-06,741,N20,VIIRS,n,2.0NRT,298.72,5.79,D
29.93958,71.21394,331.3,0.37,0.58,2026-07-06,741,N20,VIIRS,l,2.0NRT,303.9,6.53,D
29.94162,72.06483,330.92,0.33,0.55,2026-07-06,741,N20,VIIRS,l,2.0NRT,301.96,2.04,D
29.94239,72.06816,337.46,0.33,0.55,2026-07-06,741,N20,VIIRS,n,2.0NRT,301.27,1.42,D
29.94312,71.46074,346.54,0.36,0.57,2026-07-06,741,N20,VIIRS,n,2.0NRT,299.76,4.46,D
29.94382,71.46104,340.67,0.36,0.57,2026-07-06,741,N20,VIIRS,n,2.0NRT,299.85,4.43,D
29.94568,72.46447,332.54,0.63,0.54,2026-07-06,741,N20,VIIRS,n,2.0NRT,298.61,12.29,D
29.94756,71.36234,335.05,0.36,0.58,2026-07-06,741,N20,VIIRS,n,2.0NRT,301.33,1.68,D
29.94787,72.4593,340.67,0.63,0.54,2026-07-06,741,N20,VIIRS,n,2.0NRT,297.42,9.75,D
29.94844,71.36599,332.01,0.36,0.58,2026-07-06,741,N20,VIIRS,n,2.0NRT,301.62,1.68,D
29.9493,72.46564,342.73,0.63,0.54,2026-07-06,741,N20,VIIRS,n,2.0NRT,298.12,9.75,D
29.95053,72.46303,344.18,0.63,0.54,2026-07-06,741,N20,VIIRS,n,2.0NRT,298.9,12.29,D
29.95108,72.51894,341.32,0.62,0.54,2026-07-06,741,N20,VIIRS,n,2.0NRT,300.95,7.66,D
29.95271,72.45785,342.57,0.63,0.54,2026-07-06,741,N20,VIIRS,n,2.0NRT,297.85,9.75,D
29.95336,72.5517,344.55,0.62,0.54,2026-07-06,741,N20,VIIRS,n,2.0NRT,300.7,22.75,D
29.95414,72.46417,338.45,0.63,0.54,2026-07-06,741,N20,VIIRS,n,2.0NRT,297.37,9.75,D
29.95726,72.44749,347,0.63,0.54,2026-07-06,741,N20,VIIRS,n,2.0NRT,298.54,11.85,D
29.96096,72.44858,342.8,0.63,0.54,2026-07-06,741,N20,VIIRS,n,2.0NRT,297.98,13.99,D
29.96122,72.30798,347.55,0.32,0.55,2026-07-06,741,N20,VIIRS,n,2.0NRT,299.28,3.36,D
29.96602,71.46187,350.83,0.36,0.57,2026-07-06,741,N20,VIIRS,n,2.0NRT,298.96,3.38,D
29.96819,71.21693,332.18,0.37,0.58,2026-07-06,741,N20,VIIRS,l,2.0NRT,304.55,7.62,D
29.96908,71.22065,330.97,0.37,0.58,2026-07-06,741,N20,VIIRS,l,2.0NRT,303.12,2,D
29.97426,71.21901,331.65,0.37,0.58,2026-07-06,741,N20,VIIRS,l,2.0NRT,304,2,D
29.97672,72.17099,335.14,0.33,0.55,2026-07-06,741,N20,VIIRS,n,2.0NRT,302.06,2.98,D
29.97842,72.3372,333.41,0.32,0.54,2026-07-06,741,N20,VIIRS,n,2.0NRT,297.3,1.37,D
29.98115,72.2812,332.04,0.32,0.55,2026-07-06,741,N20,VIIRS,n,2.0NRT,297.5,0.97,D
30.00426,71.20948,331.04,0.37,0.58,2026-07-06,741,N20,VIIRS,l,2.0NRT,303.87,8.02,D
30.03185,72.85453,335.58,0.59,0.53,2026-07-06,741,N20,VIIRS,n,2.0NRT,298.2,3.3,D
30.05053,71.26264,330.6,0.37,0.58,2026-07-06,741,N20,VIIRS,l,2.0NRT,303.67,6.28,D
30.05142,71.26633,330.18,0.37,0.58,2026-07-06,741,N20,VIIRS,l,2.0NRT,303.25,8.39,D
30.05262,71.47688,335.36,0.36,0.57,2026-07-06,741,N20,VIIRS,n,2.0NRT,301.04,5.06,D
30.05408,71.27737,331.61,0.37,0.58,2026-07-06,741,N20,VIIRS,l,2.0NRT,303.88,8.25,D
30.05497,71.28107,330.01,0.37,0.58,2026-07-06,741,N20,VIIRS,l,2.0NRT,302.67,6.11,D
30.0563,71.47222,331.69,0.36,0.57,2026-07-06,741,N20,VIIRS,n,2.0NRT,300.66,6.16,D
30.05686,71.47173,330.48,0.36,0.57,2026-07-06,741,N20,VIIRS,n,2.0NRT,300.22,7.55,D
30.05714,71.47581,367,0.36,0.57,2026-07-06,741,N20,VIIRS,h,2.0NRT,301.49,10.07,D
30.05773,71.47531,367,0.36,0.57,2026-07-06,741,N20,VIIRS,h,2.0NRT,300.96,5.06,D
30.06012,71.27943,331.05,0.37,0.58,2026-07-06,741,N20,VIIRS,l,2.0NRT,303.02,4.64,D
30.08813,71.92893,340.77,0.33,0.56,2026-07-06,741,N20,VIIRS,n,2.0NRT,304.69,3.3,D
30.08892,71.9323,351.82,0.33,0.56,2026-07-06,741,N20,VIIRS,n,2.0NRT,304.69,3.3,D
30.09389,71.93077,367,0.33,0.56,2026-07-06,741,N20,VIIRS,h,2.0NRT,306.03,16.81,D
30.14546,73.17944,337.51,0.56,0.52,2026-07-06,741,N20,VIIRS,n,2.0NRT,297.93,8.95,D
30.18249,73.16854,334.83,0.56,0.52,2026-07-06,741,N20,VIIRS,n,2.0NRT,298.93,5.85,D
30.19916,72.04413,335.07,0.33,0.55,2026-07-06,741,N20,VIIRS,n,2.0NRT,302.01,1.48,D
30.22891,72.08086,345.52,0.33,0.55,2026-07-06,741,N20,VIIRS,n,2.0NRT,301.37,2.7,D
30.28919,71.05765,330.64,0.37,0.58,2026-07-06,741,N20,VIIRS,l,2.0NRT,305.24,5.81,D
30.3283,73.06223,332.77,0.57,0.52,2026-07-06,741,N20,VIIRS,n,2.0NRT,294.57,4.61,D
30.33666,73.14513,341.43,0.56,0.52,2026-07-06,741,N20,VIIRS,n,2.0NRT,298.1,7.32,D
30.33838,73.14339,335.93,0.56,0.52,2026-07-06,741,N20,VIIRS,n,2.0NRT,297.89,5.99,D
30.33966,73.14906,332.66,0.56,0.52,2026-07-06,741,N20,VIIRS,n,2.0NRT,297.84,2.53,D
30.37227,73.09692,341.99,0.56,0.52,2026-07-06,741,N20,VIIRS,n,2.0NRT,298,4.32,D
30.37455,72.18569,334.71,0.32,0.54,2026-07-06,741,N20,VIIRS,n,2.0NRT,294.86,2.75,D
30.3769,73.09554,335.41,0.56,0.52,2026-07-06,741,N20,VIIRS,n,2.0NRT,297.79,4.32,D
30.38323,71.47832,332.21,0.35,0.57,2026-07-06,741,N20,VIIRS,l,2.0NRT,305.25,4.41,D
30.38911,71.48022,331.68,0.35,0.57,2026-07-06,741,N20,VIIRS,l,2.0NRT,303.78,4.41,D
30.39125,73.11561,337.5,0.56,0.52,2026-07-06,741,N20,VIIRS,n,2.0NRT,297.67,4.81,D
30.50461,72.09078,334.07,0.32,0.55,2026-07-06,741,N20,VIIRS,n,2.0NRT,295.19,2.08,D
30.52197,72.32313,331.76,0.62,0.54,2026-07-06,741,N20,VIIRS,n,2.0NRT,295.65,4.32,D
30.5412,71.6349,333.43,0.34,0.56,2026-07-06,741,N20,VIIRS,l,2.0NRT,306.07,9.18,D
30.5452,71.65207,331.3,0.34,0.56,2026-07-06,741,N20,VIIRS,l,2.0NRT,303.98,2.45,D
30.5478,71.6402,332.74,0.34,0.56,2026-07-06,741,N20,VIIRS,l,2.0NRT,305.29,8.08,D
30.54859,71.64362,331.4,0.34,0.56,2026-07-06,741,N20,VIIRS,l,2.0NRT,303.52,4.58,D
30.55126,71.64214,331.68,0.34,0.56,2026-07-06,741,N20,VIIRS,l,2.0NRT,304.13,5.27,D
30.56277,72.85212,335.72,0.58,0.52,2026-07-06,741,N20,VIIRS,n,2.0NRT,299.06,4.42,D
30.59183,73.3925,333.52,0.54,0.51,2026-07-06,741,N20,VIIRS,n,2.0NRT,298.15,2.17,D
30.60731,71.98879,341.56,0.32,0.55,2026-07-06,741,N20,VIIRS,n,2.0NRT,299.52,3.34,D
30.60897,74.02367,343.68,0.49,0.49,2026-07-06,741,N20,VIIRS,n,2.0NRT,295.98,4.01,D
30.62025,71.90973,330.06,0.33,0.55,2026-07-06,741,N20,VIIRS,l,2.0NRT,301.63,4.14,D
30.64185,73.57821,335.36,0.52,0.5,2026-07-06,741,N20,VIIRS,n,2.0NRT,297.2,3.03,D
30.64229,73.57648,333,0.52,0.5,2026-07-06,741,N20,VIIRS,n,2.0NRT,297.24,2.98,D
30.64965,73.87495,341.86,0.5,0.49,2026-07-06,741,N20,VIIRS,n,2.0NRT,288.47,5.5,D
30.65376,73.49937,331.26,0.53,0.5,2026-07-06,741,N20,VIIRS,n,2.0NRT,297.54,4.51,D
30.73457,74.07496,330.25,0.49,0.48,2026-07-06,741,N20,VIIRS,n,2.0NRT,295.93,1.45,D
30.79925,73.90527,330.65,0.5,0.49,2026-07-06,741,N20,VIIRS,n,2.0NRT,294.04,1.9,D
30.81207,74.26356,342.18,0.47,0.48,2026-07-06,741,N20,VIIRS,n,2.0NRT,295.61,4.18,D
30.81716,72.9807,342.35,0.56,0.52,2026-07-06,741,N20,VIIRS,n,2.0NRT,297.6,8.48,D
30.84164,72.97133,331.89,0.56,0.51,2026-07-06,741,N20,VIIRS,n,2.0NRT,298.12,3.87,D
30.87033,73.96088,337.39,0.49,0.49,2026-07-06,741,N20,VIIRS,n,2.0NRT,295.33,3.15,D
30.91256,75.52628,334.64,0.4,0.44,2026-07-06,741,N20,VIIRS,n,2.0NRT,295.91,2.21,D
30.92682,75.63877,337.66,0.4,0.44,2026-07-06,741,N20,VIIRS,n,2.0NRT,294.95,3.19,D
30.94882,75.37264,346.68,0.41,0.45,2026-07-06,741,N20,VIIRS,n,2.0NRT,295.95,5.99,D
31.021,74.12513,335.92,0.48,0.48,2026-07-06,741,N20,VIIRS,n,2.0NRT,295,2.6,D
31.06466,74.17969,331.6,0.47,0.48,2026-07-06,741,N20,VIIRS,n,2.0NRT,294.58,3.89,D
31.08121,73.49971,343.25,0.52,0.5,2026-07-06,741,N20,VIIRS,n,2.0NRT,296.91,10.2,D
31.08472,73.50034,349.26,0.52,0.5,2026-07-06,741,N20,VIIRS,n,2.0NRT,297.87,9.4,D
31.09672,74.66486,334.8,0.44,0.46,2026-07-06,741,N20,VIIRS,n,2.0NRT,294.92,2.55,D
31.20884,72.62549,335.58,0.58,0.52,2026-07-06,741,N20,VIIRS,n,2.0NRT,299.62,2.68,D
31.20902,72.62363,332.7,0.58,0.52,2026-07-06,741,N20,VIIRS,n,2.0NRT,298.86,3.31,D
31.38127,75.6491,336.75,0.39,0.44,2026-07-06,741,N20,VIIRS,n,2.0NRT,296.35,3,D
31.39467,75.65387,337.04,0.39,0.44,2026-07-06,741,N20,VIIRS,n,2.0NRT,295.54,3.63,D
31.60635,72.67157,332.7,0.56,0.52,2026-07-06,741,N20,VIIRS,n,2.0NRT,298.2,3.83,D
32.15084,72.41858,331.75,0.56,0.52,2026-07-06,741,N20,VIIRS,n,2.0NRT,297.54,4.95,D
33.07457,73.69504,342.49,0.46,0.47,2026-07-06,741,N20,VIIRS,n,2.0NRT,297.12,6.64,D
34.08506,72.66657,330.05,0.5,0.49,2026-07-06,744,N20,VIIRS,n,2.0NRT,298.45,5.12,D
34.44252,72.721,341.08,0.48,0.48,2026-07-06,744,N20,VIIRS,n,2.0NRT,294.75,8.36,D
34.87636,71.91988,348.48,0.52,0.5,2026-07-06,744,N20,VIIRS,n,2.0NRT,304.27,6.87,D
34.88113,71.91978,337.1,0.52,0.5,2026-07-06,744,N20,VIIRS,n,2.0NRT,302.08,4.71,D
23.65056,68.56427,335.16,0.4,0.6,2026-07-06,920,N20,VIIRS,n,2.0NRT,294.37,4.32,D
24.50887,69.20814,337.75,0.45,0.63,2026-07-06,920,N20,VIIRS,n,2.0NRT,296.36,3.18,D
25.02564,68.8533,331.9,0.43,0.62,2026-07-06,922,N20,VIIRS,n,2.0NRT,300.01,3.53,D
25.0497,67.49603,332.3,0.35,0.57,2026-07-06,922,N20,VIIRS,l,2.0NRT,303.79,2.26,D
27.34571,67.97227,338.24,0.4,0.6,2026-07-06,922,N20,VIIRS,l,2.0NRT,312.5,8.53,D
27.34643,67.97094,345.1,0.4,0.6,2026-07-06,922,N20,VIIRS,n,2.0NRT,311.7,8.52,D
27.35309,67.84724,338.3,0.4,0.6,2026-07-06,922,N20,VIIRS,l,2.0NRT,311.03,7.07,D
27.4234,67.89086,344.14,0.4,0.6,2026-07-06,922,N20,VIIRS,n,2.0NRT,309.61,9.52,D
27.62856,67.88371,338.74,0.4,0.6,2026-07-06,922,N20,VIIRS,n,2.0NRT,307.22,4.99,D
27.64017,67.18424,353.49,0.36,0.58,2026-07-06,922,N20,VIIRS,n,2.0NRT,312.28,12.83,D
27.64045,67.18775,367,0.36,0.58,2026-07-06,922,N20,VIIRS,h,2.0NRT,310.18,12.83,D
27.64071,67.19099,339.81,0.36,0.58,2026-07-06,922,N20,VIIRS,n,2.0NRT,307.86,5.63,D
27.64551,67.18402,336.72,0.36,0.58,2026-07-06,922,N20,VIIRS,n,2.0NRT,311,3.13,D
27.64631,67.19395,341.37,0.36,0.58,2026-07-06,922,N20,VIIRS,l,2.0NRT,312.07,2.88,D
27.65117,67.18771,336.65,0.36,0.58,2026-07-06,922,N20,VIIRS,l,2.0NRT,310.5,3.13,D
27.65144,67.19104,339.75,0.36,0.58,2026-07-06,922,N20,VIIRS,l,2.0NRT,310.76,2.88,D
27.65171,67.19427,335.47,0.36,0.58,2026-07-06,922,N20,VIIRS,l,2.0NRT,310.06,2.88,D
27.89591,68.29344,343.78,0.43,0.62,2026-07-06,922,N20,VIIRS,n,2.0NRT,310.93,13.28,D
28.00822,67.34106,343.5,0.37,0.58,2026-07-06,922,N20,VIIRS,n,2.0NRT,311.69,3.1,D
28.05705,69.13666,339.89,0.48,0.65,2026-07-06,922,N20,VIIRS,n,2.0NRT,304.87,6.22,D
28.06054,69.13589,346.26,0.48,0.65,2026-07-06,922,N20,VIIRS,n,2.0NRT,306.79,4.8,D
28.226,68.12429,344.32,0.42,0.61,2026-07-06,922,N20,VIIRS,n,2.0NRT,311,9.9,D
28.22895,68.12556,346.02,0.42,0.61,2026-07-06,922,N20,VIIRS,n,2.0NRT,309.4,9.14,D
29.59147,71.68114,335.52,0.71,0.75,2026-07-06,922,N20,VIIRS,n,2.0NRT,296.66,5.94,D
29.59298,71.68237,333.03,0.71,0.75,2026-07-06,922,N20,VIIRS,n,2.0NRT,296.88,6.91,D
29.6098,71.78632,332.31,0.72,0.76,2026-07-06,922,N20,VIIRS,n,2.0NRT,296.74,7.79,D
29.73239,71.90193,334.21,0.74,0.76,2026-07-06,922,N20,VIIRS,n,2.0NRT,294.93,6.34,D
29.87211,71.6134,331.62,0.71,0.75,2026-07-06,922,N20,VIIRS,n,2.0NRT,296.58,4.15,D
29.90487,72.1967,333.57,0.77,0.77,2026-07-06,922,N20,VIIRS,n,2.0NRT,293.54,5.98,D
29.9077,72.1983,338.25,0.77,0.77,2026-07-06,922,N20,VIIRS,n,2.0NRT,293.61,6.78,D
29.95027,72.18034,332.15,0.77,0.77,2026-07-06,922,N20,VIIRS,n,2.0NRT,294.25,7.9,D
29.95121,71.51912,330.14,0.7,0.75,2026-07-06,922,N20,VIIRS,n,2.0NRT,297.11,4.16,D
30.03015,71.57507,332.27,0.71,0.75,2026-07-06,922,N20,VIIRS,n,2.0NRT,297.78,4.02,D
30.05741,71.58248,341.93,0.71,0.75,2026-07-06,922,N20,VIIRS,n,2.0NRT,297.71,9.88,D
30.05837,71.58138,344.82,0.71,0.75,2026-07-06,922,N20,VIIRS,n,2.0NRT,297.99,7.98,D
30.09316,71.99068,330.65,0.75,0.77,2026-07-06,922,N20,VIIRS,n,2.0NRT,293.43,5.94,D
30.09648,71.98907,334.64,0.75,0.77,2026-07-06,922,N20,VIIRS,n,2.0NRT,293.65,4.65,D
32.28871,62.0268,346.59,0.41,0.45,2026-07-06,924,N20,VIIRS,l,2.0NRT,319.74,3.8,D
32.54213,62.08147,345.02,0.41,0.45,2026-07-06,924,N20,VIIRS,l,2.0NRT,319.77,5.78,D
30.53637,73.53431,305.09,0.5,0.65,2026-07-06,2006,N20,VIIRS,n,2.0NRT,286.43,0.75,N
32.08485,74.16488,306.98,0.47,0.64,2026-07-06,2006,N20,VIIRS,n,2.0NRT,291.89,4.75,N
35.96851,68.6874,308.07,0.4,0.44,2026-07-06,2144,N20,VIIRS,n,2.0NRT,294.72,1.8,N
37.03125,62.41864,308.1,0.38,0.36,2026-07-06,2144,N20,VIIRS,n,2.0NRT,295.81,1.48,N
37.03453,62.41944,326.43,0.38,0.36,2026-07-06,2144,N20,VIIRS,n,2.0NRT,296.93,2.73,N
37.03519,62.41516,322.02,0.38,0.36,2026-07-06,2144,N20,VIIRS,n,2.0NRT,296.45,2.73,N
35.72493,63.15631,345.23,0.39,0.36,2026-07-06,2146,N20,VIIRS,n,2.0NRT,294.97,5.36,N
35.72822,63.15714,311.74,0.39,0.36,2026-07-06,2146,N20,VIIRS,n,2.0NRT,292.02,0.81,N
35.89081,63.01968,310.28,0.39,0.36,2026-07-06,2146,N20,VIIRS,n,2.0NRT,294.97,0.99,N
35.94854,62.91843,310.8,0.39,0.36,2026-07-06,2146,N20,VIIRS,n,2.0NRT,297.61,1.56,N
36.43984,61.22137,319.32,0.39,0.36,2026-07-06,2146,N20,VIIRS,n,2.0NRT,296.21,1.25,N
25.39089,68.58306,309.62,0.32,0.55,2026-07-06,2148,N20,VIIRS,n,2.0NRT,284.33,1.05,N
27.64644,67.20269,304.59,0.48,0.48,2026-07-06,2148,N20,VIIRS,n,2.0NRT,283.84,1.11,N
27.64743,67.20004,306.79,0.48,0.48,2026-07-06,2148,N20,VIIRS,n,2.0NRT,284.55,1.04,N
27.65166,67.20161,307.65,0.48,0.48,2026-07-06,2148,N20,VIIRS,n,2.0NRT,285.18,2.7,N
27.65497,67.20749,313.32,0.48,0.48,2026-07-06,2148,N20,VIIRS,n,2.0NRT,286.54,2.71,N
27.6592,67.20909,313.93,0.48,0.48,2026-07-06,2148,N20,VIIRS,n,2.0NRT,287.16,2.92,N
27.66438,67.20628,307.44,0.48,0.48,2026-07-06,2148,N20,VIIRS,n,2.0NRT,286.63,3.44,N
27.66623,67.19761,316.7,0.48,0.48,2026-07-06,2148,N20,VIIRS,n,2.0NRT,286.44,2.79,N
27.67048,67.19914,312.76,0.48,0.48,2026-07-06,2148,N20,VIIRS,n,2.0NRT,286.39,2.02,N
27.67476,67.20049,314.15,0.48,0.48,2026-07-06,2148,N20,VIIRS,n,2.0NRT,285.26,2.02,N
27.83582,67.75941,316.37,0.52,0.5,2026-07-06,2148,N20,VIIRS,n,2.0NRT,291.38,6.04,N