latitude,longitude,bright_ti4,scan,track,acq_date,acq_time,satellite,instrument,confidence,version,bright_ti5,frp,daynight,type
30.21333,70.61701,333.96,0.53,0.5,2023-10-16,750,N,VIIRS,n,2,295.63,1.89,D,0
30.2145,70.61774,331.57,0.53,0.5,2023-10-16,750,N,VIIRS,n,2,296.04,4.65,D,0
30.3418,73.13783,332.51,0.57,0.43,2023-10-16,750,N,VIIRS,n,2,296.89,5.72,D,0
30.4474,73.18221,333.63,0.57,0.43,2023-10-16,750,N,VIIRS,n,2,296.35,4.17,D,0
30.47256,73.41213,342.53,0.55,0.43,2023-10-16,750,N,VIIRS,n,2,297.28,10.65,D,0
30.47272,73.40838,334.1,0.55,0.43,2023-10-16,750,N,VIIRS,n,2,296.12,4.96,D,0
30.48486,72.92993,334.2,0.39,0.44,2023-10-16,750,N,VIIRS,n,2,296.95,2.22,D,0
30.48579,72.93005,332.34,0.39,0.44,2023-10-16,750,N,VIIRS,n,2,297.02,2.48,D,0
30.51744,73.45414,340.45,0.55,0.43,2023-10-16,750,N,VIIRS,n,2,296.77,7.92,D,0
30.52871,72.20343,331.4,0.42,0.46,2023-10-16,750,N,VIIRS,n,2,290.74,5.23,D,0
30.5296,72.20782,341.87,0.42,0.46,2023-10-16,750,N,VIIRS,n,2,293.2,9.53,D,0
30.53495,73.58518,329.94,0.54,0.42,2023-10-16,750,N,VIIRS,n,2,296.53,3.29,D,0
30.55308,72.3661,331.08,0.42,0.45,2023-10-16,750,N,VIIRS,n,2,292.39,2.02,D,0
30.62624,73.63516,332.98,0.53,0.42,2023-10-16,750,N,VIIRS,n,2,296.36,3.34,D,0
30.62927,73.63661,341.18,0.54,0.42,2023-10-16,750,N,VIIRS,n,2,299.42,24.76,D,0
30.63114,73.6397,332.92,0.53,0.42,2023-10-16,750,N,VIIRS,n,2,296.94,10.67,D,0
30.89332,70.75803,333.75,0.5,0.49,2023-10-16,750,N,VIIRS,n,2,296.2,4.11,D,0
32.28949,70.73812,303.37,0.45,0.63,2023-10-16,2154,N,VIIRS,n,2,285.53,0.98,N,2
32.29181,70.72927,302.15,0.45,0.63,2023-10-16,2154,N,VIIRS,n,2,284.45,1.48,N,2
29.63235,75.24408,333.92,0.55,0.51,2023-10-17,731,N,VIIRS,n,2,294.28,5.38,D,0
30.54231,72.01748,338.14,0.4,0.6,2023-10-17,731,N,VIIRS,n,2,291.85,4.85,D,0
30.54336,72.02163,338.9,0.4,0.6,2023-10-17,731,N,VIIRS,n,2,292.13,6.87,D,0
30.54407,72.0211,349.05,0.4,0.6,2023-10-17,731,N,VIIRS,n,2,293.11,8.08,D,0
30.79604,70.69098,338.74,0.47,0.64,2023-10-17,731,N,VIIRS,n,2,294.17,6.04,D,0
30.80272,73.28281,337.9,0.34,0.56,2023-10-17,731,N,VIIRS,n,2,294.09,4.47,D,0
30.81105,70.79655,367,0.47,0.64,2023-10-17,731,N,VIIRS,h,2,295.34,14.12,D,0
30.57125,72.06399,327.46,0.59,0.7,2023-10-17,912,N,VIIRS,n,2,288.67,3.58,D,0
30.57609,72.06382,334.96,0.59,0.7,2023-10-17,912,N,VIIRS,n,2,286.73,2.89,D,0
30.64342,73.58131,332.53,0.72,0.76,2023-10-17,912,N,VIIRS,n,2,287.16,6.23,D,0
30.64726,73.57929,352.76,0.72,0.76,2023-10-17,912,N,VIIRS,n,2,288.34,10.49,D,0
30.65054,73.58103,337.63,0.72,0.76,2023-10-17,912,N,VIIRS,n,2,285.54,7.1,D,0
30.81319,70.7951,350.51,0.5,0.66,2023-10-17,912,N,VIIRS,n,2,294.99,6.49,D,0
30.8134,70.79772,343.34,0.5,0.66,2023-10-17,912,N,VIIRS,n,2,294.29,7.16,D,0
32.28941,70.74091,304.67,0.49,0.48,2023-10-17,2135,N,VIIRS,n,2,287.82,1.61,N,2
32.29156,70.73118,302.7,0.49,0.48,2023-10-17,2135,N,VIIRS,n,2,287.15,1.36,N,2
32.88837,71.61807,307.55,0.53,0.5,2023-10-17,2135,N,VIIRS,n,2,286.74,1.47,N,2
33.26857,71.31178,325.18,0.5,0.49,2023-10-17,2135,N,VIIRS,n,2,283.93,1.64,N,0
33.54626,71.549,298.9,0.51,0.49,2023-10-17,2135,N,VIIRS,n,2,285.59,0.95,N,2
33.55072,71.55035,302.2,0.51,0.49,2023-10-17,2135,N,VIIRS,n,2,285.63,0.95,N,0
33.80097,72.09634,297.66,0.54,0.51,2023-10-17,2135,N,VIIRS,n,2,284.85,1.51,N,0
33.80365,72.09811,296.01,0.54,0.51,2023-10-17,2135,N,VIIRS,n,2,285.06,0.55,N,0
29.45143,75.41051,337.24,0.51,0.66,2023-10-18,712,N,VIIRS,n,2,296.33,3.81,D,0
29.66333,74.37674,330.98,0.58,0.7,2023-10-18,712,N,VIIRS,n,2,294.15,3.73,D,0
30.45658,73.35021,350.13,0.63,0.72,2023-10-18,712,N,VIIRS,n,2,293.7,9.47,D,0
30.45961,73.34805,331.98,0.63,0.72,2023-10-18,712,N,VIIRS,n,2,293.2,6.58,D,0
30.48151,73.31242,336.1,0.63,0.72,2023-10-18,712,N,VIIRS,n,2,292.36,5.27,D,0
33.26762,71.30854,332.58,0.69,0.74,2023-10-18,713,N,VIIRS,n,2,289.88,3.75,D,0
29.56196,75.25122,335.75,0.47,0.64,2023-10-18,852,N,VIIRS,n,2,295.31,3.12,D,0
29.60406,75.25292,332.98,0.47,0.64,2023-10-18,852,N,VIIRS,n,2,296.85,2.66,D,0
29.85165,75.25552,330.33,0.47,0.64,2023-10-18,853,N,VIIRS,n,2,295.42,2.09,D,0
30.20575,72.50272,341.25,0.32,0.55,2023-10-18,853,N,VIIRS,n,2,295.21,1.74,D,0
30.2073,72.65592,333.37,0.33,0.55,2023-10-18,853,N,VIIRS,n,2,295.93,2.05,D,0
30.30536,73.39645,329.33,0.37,0.58,2023-10-18,853,N,VIIRS,n,2,294.1,1.24,D,0
30.33421,73.49239,367,0.37,0.58,2023-10-18,853,N,VIIRS,h,2,298.15,10.46,D,0
30.4288,73.35265,331.02,0.37,0.58,2023-10-18,853,N,VIIRS,n,2,295.77,3.77,D,0
30.42909,73.35652,345.75,0.37,0.58,2023-10-18,853,N,VIIRS,n,2,296.33,5.97,D,0
30.46307,72.83212,330.13,0.34,0.56,2023-10-18,853,N,VIIRS,n,2,295.79,3.9,D,0
30.47517,72.85278,342.41,0.34,0.56,2023-10-18,853,N,VIIRS,n,2,294.7,4.29,D,0
30.4801,73.75022,367,0.39,0.59,2023-10-18,853,N,VIIRS,h,2,296.33,8.3,D,0
30.48267,73.31246,334.89,0.36,0.58,2023-10-18,853,N,VIIRS,n,2,296.68,1.87,D,0
30.50072,73.41286,354.8,0.37,0.58,2023-10-18,853,N,VIIRS,n,2,297.34,5.2,D,0
30.50426,72.33883,345,0.32,0.54,2023-10-18,853,N,VIIRS,n,2,296.81,2.52,D,0
30.51082,72.90428,331.2,0.34,0.56,2023-10-18,853,N,VIIRS,n,2,296.5,1.86,D,0
30.51215,73.81446,343.7,0.39,0.59,2023-10-18,853,N,VIIRS,n,2,294.46,3.02,D,0
30.52493,73.59899,329.62,0.38,0.59,2023-10-18,853,N,VIIRS,n,2,296.92,2.16,D,0
30.53984,73.21033,345.68,0.36,0.57,2023-10-18,853,N,VIIRS,n,2,296.86,5.23,D,0
30.54014,73.21414,329.64,0.36,0.57,2023-10-18,853,N,VIIRS,n,2,297.18,5.68,D,0
30.54918,73.78613,348.62,0.39,0.59,2023-10-18,853,N,VIIRS,n,2,295.68,5.76,D,0
30.57437,73.27763,355.01,0.36,0.58,2023-10-18,853,N,VIIRS,n,2,296.51,4.18,D,0
30.5773,73.27645,328.79,0.36,0.58,2023-10-18,853,N,VIIRS,n,2,295.54,3.46,D,0
30.60863,73.53199,327.83,0.38,0.58,2023-10-18,853,N,VIIRS,n,2,294.65,1.24,D,0
30.62413,73.51849,332.42,0.38,0.58,2023-10-18,853,N,VIIRS,n,2,294.91,2.81,D,0
30.77204,74.05501,334.45,0.41,0.6,2023-10-18,853,N,VIIRS,n,2,296.4,3.32,D,0
30.77233,74.05935,341.84,0.41,0.6,2023-10-18,853,N,VIIRS,n,2,297.02,3.32,D,0
30.79506,74.4065,355.64,0.43,0.62,2023-10-18,853,N,VIIRS,n,2,297.54,8.82,D,0
30.79816,75.0386,332.87,0.46,0.64,2023-10-18,853,N,VIIRS,n,2,295.6,3.84,D,0
30.80095,75.0366,334.69,0.46,0.64,2023-10-18,853,N,VIIRS,n,2,295.36,2.99,D,0
30.82909,74.14251,340.39,0.41,0.61,2023-10-18,853,N,VIIRS,n,2,295.86,3.83,D,0
30.83123,74.14227,334.58,0.41,0.61,2023-10-18,853,N,VIIRS,n,2,294.6,4.18,D,0
30.87576,72.99813,340.63,0.35,0.57,2023-10-18,853,N,VIIRS,n,2,294.51,3.13,D,0
30.89663,74.27096,344.6,0.42,0.61,2023-10-18,853,N,VIIRS,n,2,296.03,3.42,D,0
30.94069,74.15987,342.52,0.41,0.61,2023-10-18,853,N,VIIRS,n,2,296.63,6.93,D,0
30.94099,74.16428,338.38,0.41,0.61,2023-10-18,853,N,VIIRS,n,2,295.61,9.25,D,0
30.94322,74.16065,367,0.41,0.61,2023-10-18,853,N,VIIRS,h,2,298.32,7.92,D,0
30.96096,74.54688,342.35,0.44,0.62,2023-10-18,853,N,VIIRS,n,2,295.83,4.12,D,0
30.96109,74.54837,333.01,0.44,0.62,2023-10-18,853,N,VIIRS,n,2,295.79,3.93,D,0
30.97851,74.54697,326.62,0.44,0.62,2023-10-18,853,N,VIIRS,n,2,294.72,8.88,D,0
30.97869,74.55022,367,0.44,0.62,2023-10-18,853,N,VIIRS,h,2,298.34,14.78,D,0
30.97879,74.55165,367,0.44,0.62,2023-10-18,853,N,VIIRS,h,2,298.67,8.88,D,0
30.981,74.21561,326.56,0.42,0.61,2023-10-18,853,N,VIIRS,n,2,296.33,2.2,D,0
30.98355,74.53574,345.37,0.43,0.62,2023-10-18,853,N,VIIRS,n,2,294.91,6.29,D,0
30.98375,74.53715,367,0.44,0.62,2023-10-18,853,N,VIIRS,h,2,297.43,14.01,D,0
30.98387,74.54041,350.07,0.44,0.62,2023-10-18,853,N,VIIRS,n,2,295.7,6.29,D,0
31.1084,73.71546,326.79,0.39,0.59,2023-10-18,853,N,VIIRS,n,2,294.66,2.26,D,0
31.11345,73.71558,335,0.39,0.59,2023-10-18,853,N,VIIRS,n,2,294.14,2.32,D,0
32.04335,73.3216,328.1,0.38,0.59,2023-10-18,853,N,VIIRS,n,2,294.91,1.63,D,0
32.04379,73.32097,327.34,0.38,0.59,2023-10-18,853,N,VIIRS,n,2,294.34,1.31,D,0
32.28868,70.74039,309.93,0.44,0.38,2023-10-18,2116,N,VIIRS,n,2,290.32,0.93,N,2
32.29377,70.73227,309.86,0.43,0.38,2023-10-18,2116,N,VIIRS,n,2,290.63,1.07,N,2
32.37852,72.13887,299.43,0.49,0.4,2023-10-18,2116,N,VIIRS,n,2,288.84,1.01,N,2
32.72183,72.92343,297.58,0.53,0.42,2023-10-18,2116,N,VIIRS,n,2,286.79,1.03,N,2
32.72644,72.81957,296.83,0.52,0.42,2023-10-18,2116,N,VIIRS,n,2,285.53,0.95,N,0
32.88957,71.61623,300.76,0.46,0.39,2023-10-18,2116,N,VIIRS,n,2,289.61,0.71,N,2
33.54671,71.54945,305.85,0.45,0.39,2023-10-18,2116,N,VIIRS,n,2,289.17,1,N,2
33.55023,71.55035,305.88,0.45,0.39,2023-10-18,2116,N,VIIRS,n,2,288.1,1.12,N,2
33.80276,72.0987,302.42,0.47,0.4,2023-10-18,2116,N,VIIRS,n,2,288.29,0.69,N,0
28.42434,69.70166,305.84,0.44,0.38,2023-10-18,2117,N,VIIRS,n,2,291.03,0.71,N,2
29.71387,70.45493,305.99,0.45,0.39,2023-10-18,2117,N,VIIRS,n,2,289.08,0.51,N,0
30.32725,70.53992,302.63,0.45,0.39,2023-10-18,2117,N,VIIRS,n,2,290.86,0.5,N,0
28.72953,70.16656,330.49,0.41,0.37,2023-10-19,833,N,VIIRS,n,2,302.86,1.82,D,0
29.23975,75.46896,335.34,0.49,0.49,2023-10-19,833,N,VIIRS,n,2,303.26,4.06,D,0
29.18549,70.70171,336.03,0.43,0.38,2023-10-19,834,N,VIIRS,n,2,301.35,4.07,D,0
29.18601,70.70258,334.13,0.43,0.38,2023-10-19,834,N,VIIRS,n,2,301.15,4.61,D,0
29.29144,70.33366,334.89,0.42,0.38,2023-10-19,834,N,VIIRS,n,2,303.72,4.39,D,0
29.37712,70.30182,331.32,0.42,0.37,2023-10-19,834,N,VIIRS,n,2,303.38,3.25,D,0
29.40648,70.41614,334.68,0.42,0.38,2023-10-19,834,N,VIIRS,n,2,303.8,1.29,D,0
29.44579,70.47166,335.42,0.42,0.38,2023-10-19,834,N,VIIRS,n,2,304.05,2.59,D,0
29.46498,70.36347,335.72,0.42,0.38,2023-10-19,834,N,VIIRS,n,2,302.19,4.77,D,0
29.46639,70.36136,330.52,0.42,0.38,2023-10-19,834,N,VIIRS,n,2,302.33,2.01,D,0
29.46698,70.36568,332.76,0.42,0.38,2023-10-19,834,N,VIIRS,n,2,301.81,2.72,D,0
29.58397,75.26378,343.86,0.48,0.48,2023-10-19,834,N,VIIRS,n,2,299.04,6.7,D,0
29.63138,75.2143,337.72,0.48,0.48,2023-10-19,834,N,VIIRS,n,2,298.91,5.81,D,0
29.65812,75.30322,336.58,0.49,0.48,2023-10-19,834,N,VIIRS,n,2,299.46,2.57,D,0
29.67309,75.27049,335.22,0.49,0.48,2023-10-19,834,N,VIIRS,n,2,298.32,2.31,D,0
29.71064,75.31426,331.18,0.49,0.49,2023-10-19,834,N,VIIRS,n,2,297.82,2.46,D,0
29.91447,72.2309,338.03,0.5,0.41,2023-10-19,834,N,VIIRS,n,2,294.85,4.28,D,0
29.91484,72.23334,333.73,0.5,0.41,2023-10-19,834,N,VIIRS,n,2,295.12,5.33,D,0
29.9258,70.73502,333.17,0.44,0.38,2023-10-19,834,N,VIIRS,n,2,300.46,2.01,D,0
30.10606,72.66415,334.47,0.53,0.42,2023-10-19,834,N,VIIRS,n,2,297.34,3.22,D,0
30.2333,73.29483,355.14,0.57,0.43,2023-10-19,834,N,VIIRS,n,2,302.16,40.06,D,0
30.24795,75.4818,330.58,0.51,0.49,2023-10-19,834,N,VIIRS,n,2,295.92,4.47,D,0
30.27087,73.33054,332.35,0.38,0.44,2023-10-19,834,N,VIIRS,n,2,298.08,2.01,D,0
30.35146,70.72446,333.02,0.44,0.38,2023-10-19,834,N,VIIRS,n,2,299.76,3.94,D,0
30.36272,73.6472,340.54,0.4,0.44,2023-10-19,834,N,VIIRS,n,2,296.7,4.75,D,0
30.36543,73.51994,334.08,0.39,0.44,2023-10-19,834,N,VIIRS,n,2,297.28,3.06,D,0
30.36904,73.51523,336.98,0.39,0.44,2023-10-19,834,N,VIIRS,n,2,297.43,4.8,D,0
30.38541,73.21536,331.72,0.57,0.43,2023-10-19,834,N,VIIRS,n,2,296.12,6.3,D,0
30.40076,73.62939,331.2,0.4,0.44,2023-10-19,834,N,VIIRS,n,2,296.51,1.7,D,0
30.40403,73.31142,331.69,0.38,0.44,2023-10-19,834,N,VIIRS,n,2,296.86,2.64,D,0
30.4069,73.56905,342.24,0.4,0.44,2023-10-19,834,N,VIIRS,n,2,297.75,7.47,D,0
30.40946,73.76967,331.79,0.41,0.45,2023-10-19,834,N,VIIRS,n,2,297.83,2.81,D,0
30.41207,73.23584,338.33,0.57,0.43,2023-10-19,834,N,VIIRS,n,2,297.97,4.53,D,0
30.42259,73.63911,356.94,0.4,0.44,2023-10-19,834,N,VIIRS,n,2,300.64,12.11,D,0
30.43811,73.62841,342.36,0.4,0.44,2023-10-19,834,N,VIIRS,n,2,299.67,5.53,D,0
30.44221,73.62783,342.89,0.4,0.44,2023-10-19,834,N,VIIRS,n,2,298.44,6.42,D,0
30.44266,73.63204,331.15,0.4,0.44,2023-10-19,834,N,VIIRS,n,2,296.78,6.42,D,0
30.44921,73.35017,330.08,0.39,0.44,2023-10-19,834,N,VIIRS,n,2,297.08,2.68,D,0
30.45979,72.35128,331.62,0.52,0.41,2023-10-19,834,N,VIIRS,n,2,299.86,3.07,D,0
30.46608,73.31117,331.33,0.39,0.44,2023-10-19,834,N,VIIRS,n,2,298.13,1.83,D,0
30.47816,73.30943,330.94,0.39,0.44,2023-10-19,834,N,VIIRS,n,2,294.98,3.6,D,0
30.48954,73.56594,354.1,0.4,0.44,2023-10-19,834,N,VIIRS,n,2,302.7,19.81,D,0
30.49382,73.79754,343.96,0.41,0.45,2023-10-19,834,N,VIIRS,n,2,300.96,18.27,D,0
30.49841,73.76208,334.42,0.41,0.45,2023-10-19,834,N,VIIRS,n,2,297.39,5.77,D,0
30.5057,73.71339,338.92,0.41,0.45,2023-10-19,834,N,VIIRS,n,2,298.09,2.5,D,0
30.5079,73.65716,331.38,0.4,0.44,2023-10-19,834,N,VIIRS,n,2,297.84,2.05,D,0
30.50808,73.71393,341.76,0.41,0.45,2023-10-19,834,N,VIIRS,n,2,294.11,3.4,D,0
30.51063,73.65756,338.08,0.4,0.44,2023-10-19,834,N,VIIRS,n,2,297.96,4.37,D,0
30.51914,73.69942,341.72,0.4,0.45,2023-10-19,834,N,VIIRS,n,2,297.57,10.24,D,0
30.51965,72.33112,333.06,0.52,0.41,2023-10-19,834,N,VIIRS,n,2,297.15,4.5,D,0
30.52648,73.81148,337.04,0.41,0.45,2023-10-19,834,N,VIIRS,n,2,297.92,2.66,D,0
30.53445,72.84423,333.94,0.55,0.43,2023-10-19,834,N,VIIRS,n,2,298.22,3.14,D,0
30.53826,73.56401,333.21,0.4,0.44,2023-10-19,834,N,VIIRS,n,2,298.09,3.22,D,0
30.54524,73.43661,340.11,0.39,0.44,2023-10-19,834,N,VIIRS,n,2,298.42,3.23,D,0
30.55598,73.81179,334.3,0.41,0.45,2023-10-19,834,N,VIIRS,n,2,297.85,2.65,D,0
30.5567,72.02538,342.83,0.5,0.41,2023-10-19,834,N,VIIRS,n,2,300.14,26.19,D,0
30.58648,73.70302,335.62,0.41,0.45,2023-10-19,834,N,VIIRS,n,2,298.55,4.56,D,0
30.59105,73.78506,350.4,0.41,0.45,2023-10-19,834,N,VIIRS,n,2,300.33,6.88,D,0
30.60993,73.76497,341.85,0.41,0.45,2023-10-19,834,N,VIIRS,n,2,299.34,3.76,D,0
30.61697,73.53613,346.16,0.4,0.44,2023-10-19,834,N,VIIRS,n,2,298.48,5.46,D,0
30.62824,73.56433,342.12,0.4,0.44,2023-10-19,834,N,VIIRS,n,2,299.02,2.29,D,0
30.64276,73.58364,335.57,0.4,0.44,2023-10-19,834,N,VIIRS,n,2,298.88,2.83,D,0
30.67411,73.92451,344.04,0.42,0.45,2023-10-19,834,N,VIIRS,n,2,298.58,6.34,D,0
30.67736,73.63456,341.39,0.4,0.44,2023-10-19,834,N,VIIRS,n,2,300.12,2.94,D,0
30.70305,73.49499,331.1,0.4,0.44,2023-10-19,834,N,VIIRS,n,2,299.63,1.93,D,0
30.7108,73.99134,333.64,0.42,0.45,2023-10-19,834,N,VIIRS,n,2,298.17,2.97,D,0
30.72479,73.88188,332.49,0.42,0.45,2023-10-19,834,N,VIIRS,n,2,297.71,2.19,D,0
30.72885,72.979,331.85,0.56,0.43,2023-10-19,834,N,VIIRS,n,2,297.93,3.92,D,0
30.73161,75.31942,342.33,0.5,0.49,2023-10-19,834,N,VIIRS,n,2,297.58,6.64,D,0
30.7317,73.61054,334.58,0.4,0.44,2023-10-19,834,N,VIIRS,n,2,299.44,2.59,D,0
30.73337,70.76978,337.06,0.44,0.39,2023-10-19,834,N,VIIRS,n,2,302.33,2.92,D,0
30.73694,73.95626,332.03,0.42,0.45,2023-10-19,834,N,VIIRS,n,2,297.23,3.13,D,0
30.75764,72.81958,330.35,0.55,0.43,2023-10-19,834,N,VIIRS,n,2,296.34,1.62,D,0
30.76928,74.06176,343.65,0.43,0.46,2023-10-19,834,N,VIIRS,n,2,300.11,6.29,D,0
30.77018,74.07077,332.38,0.43,0.46,2023-10-19,834,N,VIIRS,n,2,299.26,3.37,D,0
30.79871,74.55109,340.81,0.45,0.47,2023-10-19,834,N,VIIRS,n,2,299.18,6.08,D,0
30.80041,73.98936,341.16,0.42,0.45,2023-10-19,834,N,VIIRS,n,2,301.11,11.52,D,0
30.83267,73.93084,348.7,0.42,0.45,2023-10-19,834,N,VIIRS,n,2,300.11,7.81,D,0
30.83545,74.12165,341.56,0.43,0.46,2023-10-19,834,N,VIIRS,n,2,301.85,5.64,D,0
30.83592,74.12619,331.49,0.43,0.46,2023-10-19,834,N,VIIRS,n,2,299.22,4.88,D,0
30.85541,73.90267,340.15,0.42,0.45,2023-10-19,834,N,VIIRS,n,2,298.4,2.87,D,0
30.85547,73.9053,340.35,0.42,0.45,2023-10-19,834,N,VIIRS,n,2,298.05,3.67,D,0
30.85761,74.1279,331.64,0.43,0.46,2023-10-19,834,N,VIIRS,n,2,298.59,1.79,D,0
30.86336,70.77318,338.17,0.45,0.39,2023-10-19,834,N,VIIRS,n,2,299.9,5.57,D,0
30.87146,74.38902,338.86,0.45,0.47,2023-10-19,834,N,VIIRS,n,2,299.68,5.3,D,0
30.89843,74.74768,352.17,0.47,0.48,2023-10-19,834,N,VIIRS,n,2,300.44,12.55,D,0
30.92961,74.52399,328.88,0.46,0.47,2023-10-19,834,N,VIIRS,n,2,298.11,2.25,D,0
30.94013,74.10509,335.29,0.43,0.46,2023-10-19,834,N,VIIRS,n,2,298.46,2,D,0
30.9432,74.30581,339.92,0.44,0.46,2023-10-19,834,N,VIIRS,n,2,299.7,3.26,D,0
30.95138,74.79939,351.66,0.47,0.48,2023-10-19,834,N,VIIRS,n,2,300.4,12.95,D,0
30.96681,74.5436,347.99,0.46,0.47,2023-10-19,834,N,VIIRS,n,2,300.56,10.12,D,0
30.97134,74.19849,330.61,0.44,0.46,2023-10-19,834,N,VIIRS,n,2,299.94,2.54,D,0
30.98882,74.76936,332.12,0.47,0.48,2023-10-19,834,N,VIIRS,n,2,298.27,2.2,D,0
30.99131,74.74889,335.56,0.47,0.48,2023-10-19,834,N,VIIRS,n,2,297.48,2.64,D,0
30.99324,74.76879,331.94,0.47,0.48,2023-10-19,834,N,VIIRS,n,2,297.74,2.8,D,0
31.00622,75.29515,333.49,0.51,0.49,2023-10-19,834,N,VIIRS,n,2,296.66,4.41,D,0
31.01187,74.01391,338.66,0.43,0.46,2023-10-19,834,N,VIIRS,n,2,299.56,2.43,D,0
31.02719,74.12259,339.29,0.43,0.46,2023-10-19,834,N,VIIRS,n,2,300.96,6.38,D,0
31.02765,74.12717,340.22,0.43,0.46,2023-10-19,834,N,VIIRS,n,2,299.49,6.38,D,0
31.08777,74.83023,339.37,0.48,0.48,2023-10-19,834,N,VIIRS,n,2,298.02,4.27,D,0
31.08825,74.83526,335.65,0.48,0.48,2023-10-19,834,N,VIIRS,n,2,297.1,5.79,D,0
31.10722,74.57158,332.22,0.46,0.47,2023-10-19,834,N,VIIRS,n,2,298.92,1.98,D,0
31.11547,74.2906,337.11,0.44,0.46,2023-10-19,834,N,VIIRS,n,2,298.69,3.36,D,0
31.14342,74.62799,338.12,0.46,0.47,2023-10-19,834,N,VIIRS,n,2,298.63,4.94,D,0
31.14379,74.62635,333.09,0.46,0.47,2023-10-19,834,N,VIIRS,n,2,298.16,4.96,D,0
31.24681,74.54723,340.38,0.46,0.47,2023-10-19,834,N,VIIRS,n,2,299.5,4.48,D,0
31.43798,74.8294,330.85,0.48,0.48,2023-10-19,834,N,VIIRS,n,2,297.08,5.69,D,0
31.5526,75.05994,345.61,0.5,0.49,2023-10-19,834,N,VIIRS,n,2,298.43,7.06,D,0
31.61341,74.58164,331.67,0.47,0.48,2023-10-19,834,N,VIIRS,n,2,297.66,2.26,D,0
31.65625,75.18501,339.36,0.51,0.49,2023-10-19,834,N,VIIRS,n,2,298.32,4.84,D,0
31.72776,70.7771,346.4,0.45,0.39,2023-10-19,834,N,VIIRS,n,2,304.31,14.38,D,0
31.78987,74.93425,335.49,0.49,0.49,2023-10-19,834,N,VIIRS,n,2,298.14,3,D,0
31.96477,70.92513,332.41,0.46,0.39,2023-10-19,834,N,VIIRS,n,2,299.26,4.03,D,0
32.00689,73.56376,331.05,0.41,0.45,2023-10-19,834,N,VIIRS,n,2,298.34,3.73,D,0
32.00734,73.56819,330.91,0.41,0.45,2023-10-19,834,N,VIIRS,n,2,297.19,3.73,D,0
32.153,72.32188,332.77,0.54,0.42,2023-10-19,834,N,VIIRS,n,2,299.73,3.94,D,0
32.32859,73.71508,330.23,0.43,0.46,2023-10-19,834,N,VIIRS,n,2,298.1,2.08,D,0
32.33838,73.72765,342.19,0.43,0.46,2023-10-19,834,N,VIIRS,n,2,298.17,4.31,D,0
32.41012,73.5116,333.15,0.42,0.45,2023-10-19,834,N,VIIRS,n,2,297.99,3.25,D,0
32.41122,73.5127,337.19,0.42,0.45,2023-10-19,834,N,VIIRS,n,2,298.01,2.89,D,0
32.76248,71.67388,335.64,0.51,0.41,2023-10-19,835,N,VIIRS,n,2,300.69,4.62,D,0
33.94519,73.55941,328.47,0.44,0.46,2023-10-19,835,N,VIIRS,n,2,299.7,2.31,D,0
31.62627,74.44153,303.1,0.41,0.37,2023-10-19,2057,N,VIIRS,n,2,289.21,0.48,N,0
32.28948,70.73843,310.36,0.4,0.37,2023-10-19,2057,N,VIIRS,n,2,292.59,1.52,N,2
32.29409,70.73055,308.29,0.4,0.37,2023-10-19,2057,N,VIIRS,n,2,290.94,1.13,N,2
32.37909,72.13731,302.26,0.38,0.36,2023-10-19,2057,N,VIIRS,n,2,291.24,0.57,N,2
32.72044,72.92583,303.77,0.38,0.36,2023-10-19,2057,N,VIIRS,n,2,287.73,0.55,N,2
32.72737,72.81775,298.66,0.38,0.36,2023-10-19,2057,N,VIIRS,n,2,287.51,1.01,N,0
32.88781,71.61703,313.54,0.39,0.36,2023-10-19,2057,N,VIIRS,n,2,290.75,1.16,N,2
33.52035,73.23121,298.27,0.38,0.36,2023-10-19,2057,N,VIIRS,n,2,285.4,0.27,N,0
33.547,71.55181,301.85,0.39,0.36,2023-10-19,2057,N,VIIRS,n,2,286.09,0.75,N,2
33.55034,71.55252,305.81,0.39,0.36,2023-10-19,2057,N,VIIRS,n,2,286.92,0.75,N,2
33.68977,72.71409,299.4,0.38,0.36,2023-10-19,2057,N,VIIRS,n,2,288.48,0.64,N,2
33.80111,72.09702,301.64,0.39,0.36,2023-10-19,2057,N,VIIRS,n,2,289.23,0.6,N,0
31.13031,74.36425,301.21,0.41,0.37,2023-10-19,2058,N,VIIRS,n,2,288.19,0.45,N,0
28.05149,69.37089,297.03,0.41,0.37,2023-10-19,2059,N,VIIRS,n,2,276.54,0.42,N,2
28.05208,69.36675,302.62,0.41,0.37,2023-10-19,2059,N,VIIRS,n,2,289.69,0.76,N,2
28.42593,69.69988,305.3,0.4,0.37,2023-10-19,2059,N,VIIRS,n,2,292.09,0.65,N,2
28.93127,71.0824,332.61,0.4,0.37,2023-10-20,815,N,VIIRS,l,2,306.34,1.8,D,0
28.9716,70.52708,331.89,0.42,0.37,2023-10-20,815,N,VIIRS,l,2,305.27,7.25,D,0
28.99373,72.60162,335.25,0.38,0.36,2023-10-20,815,N,VIIRS,l,2,308.95,1.3,D,0
29.23113,70.67262,336.52,0.41,0.37,2023-10-20,815,N,VIIRS,n,2,302.71,2.77,D,0
29.25405,70.30859,330.53,0.42,0.38,2023-10-20,815,N,VIIRS,l,2,303.29,1.8,D,0
29.45061,74.43296,333.16,0.4,0.37,2023-10-20,815,N,VIIRS,n,2,300.88,2.25,D,0
29.45357,74.90952,332.68,0.41,0.37,2023-10-20,815,N,VIIRS,n,2,299.32,1.88,D,0
29.54576,74.44246,340.61,0.4,0.37,2023-10-20,815,N,VIIRS,n,2,303.05,3.93,D,0
29.64144,75.20206,334.54,0.42,0.38,2023-10-20,815,N,VIIRS,n,2,301.75,2.45,D,0
29.67219,75.30019,336.27,0.43,0.38,2023-10-20,815,N,VIIRS,n,2,307.79,11.56,D,0
29.70217,73.8466,332.99,0.39,0.36,2023-10-20,815,N,VIIRS,l,2,303.26,1.56,D,0
29.71129,75.12845,330.35,0.42,0.38,2023-10-20,815,N,VIIRS,l,2,303.57,2.41,D,0
29.71476,75.12785,334.37,0.42,0.38,2023-10-20,815,N,VIIRS,n,2,303.32,2.41,D,0
29.72048,75.19849,336.71,0.42,0.38,2023-10-20,815,N,VIIRS,n,2,302.22,7.54,D,0
29.72741,75.22425,337.47,0.43,0.38,2023-10-20,815,N,VIIRS,n,2,303.14,6.25,D,0
29.79532,75.28017,339.27,0.43,0.38,2023-10-20,815,N,VIIRS,n,2,303.13,7.53,D,0
29.81217,75.27276,343.61,0.43,0.38,2023-10-20,815,N,VIIRS,n,2,302.72,8.91,D,0
29.81654,75.08421,343.7,0.42,0.38,2023-10-20,815,N,VIIRS,n,2,304.66,8.94,D,0
29.82924,75.07307,332.79,0.42,0.38,2023-10-20,815,N,VIIRS,n,2,302.84,4.92,D,0
29.82982,75.07743,330.31,0.42,0.38,2023-10-20,815,N,VIIRS,n,2,303.43,5.19,D,0
29.85236,75.11375,331.3,0.42,0.38,2023-10-20,815,N,VIIRS,n,2,298.54,1.25,D,0
29.95933,70.5586,335.38,0.41,0.37,2023-10-20,815,N,VIIRS,n,2,301.86,3.85,D,0
29.96624,72.09949,330.3,0.39,0.36,2023-10-20,815,N,VIIRS,n,2,297.87,3.34,D,0
29.96955,72.09881,338.61,0.39,0.36,2023-10-20,815,N,VIIRS,n,2,299.47,3.34,D,0
29.99304,72.6498,339.05,0.38,0.36,2023-10-20,815,N,VIIRS,n,2,297.07,3.04,D,0
29.99602,72.64959,338.37,0.38,0.36,2023-10-20,815,N,VIIRS,n,2,297.64,5.87,D,0
30.02088,71.228,335.11,0.39,0.36,2023-10-20,815,N,VIIRS,n,2,300.18,2.34,D,0
30.09753,72.69069,338.4,0.38,0.36,2023-10-20,815,N,VIIRS,n,2,298.88,3.17,D,0
30.12713,70.59681,333.35,0.4,0.37,2023-10-20,815,N,VIIRS,n,2,299.01,2.19,D,0
30.14938,72.9918,341.47,0.39,0.36,2023-10-20,815,N,VIIRS,n,2,303.66,25.37,D,0
30.1922,72.78262,337.44,0.38,0.36,2023-10-20,815,N,VIIRS,n,2,298.96,3.1,D,0
30.19925,72.87553,340.2,0.38,0.36,2023-10-20,815,N,VIIRS,n,2,300.02,4.49,D,0
30.20174,73.14618,337.17,0.39,0.36,2023-10-20,815,N,VIIRS,n,2,299.84,2.64,D,0
30.20256,72.87487,346.24,0.38,0.36,2023-10-20,815,N,VIIRS,n,2,298.17,4.49,D,0
30.22005,70.62879,346.35,0.4,0.37,2023-10-20,815,N,VIIRS,n,2,298.84,4.04,D,0
30.23439,72.90553,331.15,0.39,0.36,2023-10-20,815,N,VIIRS,n,2,299.1,1.55,D,0
30.24462,72.86356,333.49,0.38,0.36,2023-10-20,815,N,VIIRS,n,2,298.38,3.26,D,0
30.25227,72.8005,332.92,0.38,0.36,2023-10-20,815,N,VIIRS,n,2,297.72,3.81,D,0
30.25595,70.6554,330.46,0.4,0.37,2023-10-20,815,N,VIIRS,n,2,299.43,2.33,D,0
30.25665,70.65956,342.54,0.4,0.37,2023-10-20,815,N,VIIRS,n,2,300,4.32,D,0
30.25734,70.66372,333.88,0.4,0.37,2023-10-20,815,N,VIIRS,n,2,299.18,4.32,D,0
30.26734,73.38552,330.34,0.39,0.36,2023-10-20,815,N,VIIRS,n,2,298.75,2.46,D,0
30.27323,73.35538,337.34,0.39,0.36,2023-10-20,815,N,VIIRS,n,2,300.68,2.75,D,0
30.28906,73.39379,334.75,0.39,0.36,2023-10-20,815,N,VIIRS,n,2,301.11,12.16,D,0
30.29671,73.37574,347.12,0.39,0.36,2023-10-20,815,N,VIIRS,n,2,303.16,7.8,D,0
30.30003,73.3751,350.41,0.39,0.36,2023-10-20,815,N,VIIRS,n,2,303.66,24.65,D,0
30.30779,70.63103,332.53,0.4,0.37,2023-10-20,815,N,VIIRS,n,2,299.65,9.28,D,0
30.31687,73.39675,333.52,0.39,0.36,2023-10-20,815,N,VIIRS,n,2,300.7,2.65,D,0
30.32761,73.49446,334.37,0.39,0.36,2023-10-20,815,N,VIIRS,n,2,301.64,3.11,D,0
30.33421,73.10093,334.19,0.39,0.36,2023-10-20,815,N,VIIRS,n,2,299.67,4.17,D,0
30.34139,70.72343,334.09,0.4,0.37,2023-10-20,815,N,VIIRS,n,2,300.09,4.24,D,0
30.34743,70.7178,332.04,0.4,0.37,2023-10-20,815,N,VIIRS,n,2,299.24,3.06,D,0
30.34794,73.55019,333.91,0.39,0.36,2023-10-20,815,N,VIIRS,n,2,301.2,2.52,D,0
30.35415,70.71632,336.01,0.4,0.37,2023-10-20,815,N,VIIRS,n,2,299.25,5.68,D,0
30.35545,72.94444,333.07,0.39,0.36,2023-10-20,815,N,VIIRS,n,2,299.24,2.25,D,0
30.38312,73.31883,330.21,0.39,0.36,2023-10-20,815,N,VIIRS,n,2,301,2.51,D,0
30.39279,73.08973,342.34,0.39,0.36,2023-10-20,815,N,VIIRS,n,2,302.17,3.05,D,0
30.40963,73.71857,335.24,0.39,0.36,2023-10-20,815,N,VIIRS,n,2,300.75,1.92,D,0
30.41052,73.58005,333.64,0.39,0.36,2023-10-20,815,N,VIIRS,n,2,301.65,1.61,D,0
30.41127,73.44222,333.77,0.39,0.36,2023-10-20,815,N,VIIRS,n,2,301.48,3.56,D,0
30.41311,73.74314,341.62,0.39,0.37,2023-10-20,815,N,VIIRS,n,2,302.6,6.48,D,0
30.43219,73.31381,334.16,0.39,0.36,2023-10-20,815,N,VIIRS,n,2,301.8,3.22,D,0
30.43423,73.62579,333.38,0.39,0.36,2023-10-20,815,N,VIIRS,n,2,301.45,3.46,D,0
30.43699,73.62107,335.36,0.39,0.36,2023-10-20,815,N,VIIRS,n,2,301.67,2.55,D,0
30.44209,73.63268,343.64,0.39,0.36,2023-10-20,815,N,VIIRS,n,2,302.3,5.62,D,0
30.44457,73.67414,332.77,0.39,0.36,2023-10-20,815,N,VIIRS,n,2,300.92,2.72,D,0
30.45289,73.75669,336.32,0.39,0.37,2023-10-20,815,N,VIIRS,n,2,301.67,2.82,D,0
30.45314,73.45953,333.18,0.39,0.36,2023-10-20,815,N,VIIRS,n,2,302.78,3.68,D,0
30.45372,73.46358,333.39,0.39,0.36,2023-10-20,815,N,VIIRS,n,2,302.27,3.68,D,0
30.45433,73.23076,333.89,0.39,0.36,2023-10-20,815,N,VIIRS,n,2,301.83,3.65,D,0
30.45702,72.22661,341.96,0.38,0.36,2023-10-20,815,N,VIIRS,n,2,297.25,2.91,D,0
30.46052,72.31626,334.1,0.38,0.36,2023-10-20,815,N,VIIRS,n,2,300.02,3.72,D,0
30.46132,73.34972,336.06,0.39,0.36,2023-10-20,815,N,VIIRS,n,2,302.07,3.14,D,0
30.47883,73.5674,338.19,0.39,0.36,2023-10-20,815,N,VIIRS,n,2,300.42,3.68,D,0
30.47971,73.74362,336.47,0.39,0.37,2023-10-20,815,N,VIIRS,n,2,304.28,2.62,D,0
30.49053,72.94738,338.13,0.39,0.36,2023-10-20,815,N,VIIRS,n,2,302.12,3.11,D,0
30.49597,73.54321,346.99,0.39,0.36,2023-10-20,815,N,VIIRS,n,2,303.9,5.53,D,0
30.49612,72.19827,333.14,0.38,0.36,2023-10-20,815,N,VIIRS,n,2,298.63,5.3,D,0
30.50426,73.62543,332.65,0.39,0.36,2023-10-20,815,N,VIIRS,n,2,301.23,2.85,D,0
30.51442,72.31782,334.32,0.38,0.36,2023-10-20,815,N,VIIRS,n,2,299.62,2.64,D,0
30.51764,73.62289,332.36,0.39,0.36,2023-10-20,815,N,VIIRS,l,2,304.88,4.31,D,0
30.51822,73.62698,335.32,0.39,0.36,2023-10-20,815,N,VIIRS,n,2,302.51,4.31,D,0
30.52319,73.83257,333.41,0.4,0.37,2023-10-20,815,N,VIIRS,n,2,302.73,3.81,D,0
30.52972,73.68365,333.06,0.39,0.36,2023-10-20,815,N,VIIRS,n,2,300.62,2.65,D,0
30.53095,73.81418,338.63,0.4,0.37,2023-10-20,815,N,VIIRS,n,2,300.99,4.12,D,0
30.53146,73.69595,346.71,0.39,0.36,2023-10-20,815,N,VIIRS,n,2,304.48,10.53,D,0
30.53248,73.67891,339.43,0.39,0.36,2023-10-20,815,N,VIIRS,n,2,300.37,6.43,D,0
30.53392,72.17818,339.83,0.38,0.36,2023-10-20,815,N,VIIRS,n,2,310.46,42.27,D,0
30.53453,72.18217,334.37,0.38,0.36,2023-10-20,815,N,VIIRS,n,2,298.67,11.02,D,0
30.53605,73.82592,334,0.4,0.37,2023-10-20,815,N,VIIRS,n,2,303.79,20.85,D,0
30.53845,73.48077,335.6,0.39,0.36,2023-10-20,815,N,VIIRS,n,2,302.7,4.12,D,0
30.53992,73.38094,347.89,0.39,0.36,2023-10-20,815,N,VIIRS,n,2,304.48,9.46,D,0
30.54209,73.37218,335.05,0.39,0.36,2023-10-20,815,N,VIIRS,n,2,302.11,1.3,D,0
30.54915,71.88296,332.9,0.39,0.36,2023-10-20,815,N,VIIRS,n,2,299.79,5.61,D,0
30.55039,73.68394,339.68,0.39,0.36,2023-10-20,815,N,VIIRS,n,2,304.74,2.82,D,0
30.55214,73.7933,334.63,0.4,0.37,2023-10-20,815,N,VIIRS,n,2,303.08,3.29,D,0
30.5527,71.92761,335.89,0.39,0.36,2023-10-20,815,N,VIIRS,n,2,299.08,5.48,D,0
30.55739,73.95353,347.59,0.4,0.37,2023-10-20,815,N,VIIRS,n,2,303.23,4.86,D,0
30.56076,73.9529,333.35,0.4,0.37,2023-10-20,815,N,VIIRS,n,2,299.77,4.86,D,0
30.56755,72.08939,332.53,0.38,0.36,2023-10-20,815,N,VIIRS,n,2,300.7,2.46,D,0
30.57096,73.75595,340.48,0.4,0.37,2023-10-20,815,N,VIIRS,n,2,304.16,4.11,D,0
30.57198,73.73888,336.14,0.39,0.37,2023-10-20,815,N,VIIRS,n,2,301.74,4.98,D,0
30.57284,73.69655,336.11,0.39,0.36,2023-10-20,815,N,VIIRS,n,2,301.63,2.95,D,0
30.57533,73.73824,344.96,0.39,0.37,2023-10-20,815,N,VIIRS,n,2,301.57,7.62,D,0
30.58005,73.99195,343.82,0.4,0.37,2023-10-20,815,N,VIIRS,n,2,308,20.28,D,0
30.58039,73.94498,339.86,0.4,0.37,2023-10-20,815,N,VIIRS,n,2,300.78,2.97,D,0
30.58273,73.46452,330.17,0.39,0.36,2023-10-20,815,N,VIIRS,n,2,302.17,1.3,D,0
30.58342,73.99133,339.54,0.4,0.37,2023-10-20,815,N,VIIRS,n,2,299.54,3.51,D,0
30.58376,73.54385,335.7,0.39,0.36,2023-10-20,815,N,VIIRS,n,2,304.35,1.92,D,0
30.58754,73.74087,350.75,0.4,0.37,2023-10-20,815,N,VIIRS,n,2,303.72,13.21,D,0
30.58892,73.85839,333.64,0.4,0.37,2023-10-20,815,N,VIIRS,n,2,301.3,2.04,D,0
30.59089,73.74023,345.57,0.4,0.37,2023-10-20,815,N,VIIRS,n,2,305.37,13.21,D,0
30.60948,73.65237,338.13,0.39,0.36,2023-10-20,815,N,VIIRS,n,2,307.09,10.59,D,0
30.61982,74.35516,345.13,0.41,0.37,2023-10-20,815,N,VIIRS,n,2,302.25,8.11,D,0
30.63004,74.3533,333.23,0.41,0.37,2023-10-20,815,N,VIIRS,n,2,301.12,4.65,D,0
30.63096,73.51388,330.5,0.39,0.36,2023-10-20,815,N,VIIRS,l,2,302.46,2.45,D,0
30.63379,72.23222,335.89,0.38,0.36,2023-10-20,815,N,VIIRS,n,2,298.01,3.42,D,0
30.65098,73.67822,338.79,0.39,0.37,2023-10-20,815,N,VIIRS,n,2,305.63,3.36,D,0
30.65352,73.55151,346.03,0.39,0.36,2023-10-20,815,N,VIIRS,n,2,304.82,4.18,D,0
30.6541,73.5556,342.2,0.39,0.36,2023-10-20,815,N,VIIRS,n,2,302.62,4.91,D,0
30.65658,72.94788,338.41,0.39,0.36,2023-10-20,815,N,VIIRS,n,2,301.01,3.45,D,0
30.65979,73.57132,335.75,0.39,0.36,2023-10-20,815,N,VIIRS,n,2,305.38,2.81,D,0
30.66143,73.84979,340.98,0.4,0.37,2023-10-20,815,N,VIIRS,n,2,301.19,4.06,D,0
30.66155,72.88915,342.22,0.39,0.36,2023-10-20,815,N,VIIRS,n,2,301.42,4.48,D,0
30.66652,72.67416,333.52,0.38,0.36,2023-10-20,815,N,VIIRS,n,2,298.07,4.28,D,0
30.66865,73.56123,333.9,0.39,0.36,2023-10-20,815,N,VIIRS,n,2,303.83,3.79,D,0
30.66962,74.05741,339.1,0.4,0.37,2023-10-20,815,N,VIIRS,n,2,302.34,2.6,D,0
30.67154,73.97144,332.98,0.4,0.37,2023-10-20,815,N,VIIRS,n,2,301.18,7.32,D,0
30.6729,74.03107,347.05,0.4,0.37,2023-10-20,815,N,VIIRS,n,2,304.27,8.85,D,0
30.67456,73.89412,333.66,0.4,0.37,2023-10-20,815,N,VIIRS,n,2,301.62,2.53,D,0
30.67628,74.03046,347.87,0.4,0.37,2023-10-20,815,N,VIIRS,n,2,307.91,33.06,D,0
30.67733,73.56419,336.64,0.39,0.36,2023-10-20,815,N,VIIRS,n,2,303.76,2.26,D,0
30.68049,73.96124,335.74,0.4,0.37,2023-10-20,815,N,VIIRS,n,2,306.55,23.67,D,0
30.68094,73.61398,353.54,0.39,0.36,2023-10-20,815,N,VIIRS,n,2,308.91,30.26,D,0
30.68602,73.62565,337.98,0.39,0.36,2023-10-20,815,N,VIIRS,n,2,303.72,6.02,D,0
30.68763,74.21349,344.67,0.4,0.37,2023-10-20,815,N,VIIRS,n,2,302.25,7.46,D,0
30.68805,74.01542,332.47,0.4,0.37,2023-10-20,815,N,VIIRS,n,2,301.1,2.77,D,0
30.69008,75.3962,336.47,0.44,0.38,2023-10-20,815,N,VIIRS,n,2,301.13,10.73,D,0
30.6903,72.95,331.54,0.39,0.36,2023-10-20,815,N,VIIRS,n,2,300.59,2.64,D,0
30.69476,73.89034,341.56,0.4,0.37,2023-10-20,815,N,VIIRS,n,2,300.91,5.19,D,0
30.69516,72.93663,342.34,0.39,0.36,2023-10-20,815,N,VIIRS,n,2,300.44,3.57,D,0
30.69634,72.94467,330.66,0.39,0.36,2023-10-20,815,N,VIIRS,l,2,301.79,2,D,0
30.69678,73.95393,331.97,0.4,0.37,2023-10-20,815,N,VIIRS,n,2,302.24,2.15,D,0
30.69889,75.33051,342.24,0.44,0.38,2023-10-20,815,N,VIIRS,n,2,302.74,12.28,D,0
30.7051,72.93467,338.03,0.39,0.36,2023-10-20,815,N,VIIRS,n,2,299.59,3.31,D,0
30.70598,73.99497,332.43,0.4,0.37,2023-10-20,815,N,VIIRS,n,2,300.92,2.64,D,0
30.71186,75.2631,333.01,0.43,0.38,2023-10-20,815,N,VIIRS,n,2,300,5.38,D,0
30.71249,73.66702,340.62,0.39,0.37,2023-10-20,815,N,VIIRS,n,2,301.3,4.3,D,0
30.71513,73.00304,333.97,0.39,0.36,2023-10-20,815,N,VIIRS,n,2,301.07,2.04,D,0
30.71524,75.40261,338.76,0.44,0.38,2023-10-20,815,N,VIIRS,n,2,302.44,7.14,D,0
30.71694,74.04864,336.76,0.4,0.37,2023-10-20,815,N,VIIRS,n,2,301.91,7,D,0
30.73042,73.17845,332.29,0.39,0.36,2023-10-20,815,N,VIIRS,n,2,301.55,1.46,D,0
30.73646,75.39898,331.96,0.44,0.38,2023-10-20,815,N,VIIRS,n,2,300.98,5.12,D,0
30.74553,74.07832,330.79,0.4,0.37,2023-10-20,815,N,VIIRS,n,2,300.12,2.73,D,0
30.74704,73.864,331.11,0.4,0.37,2023-10-20,815,N,VIIRS,n,2,299.44,1.47,D,0
30.74793,71.91689,330.64,0.38,0.36,2023-10-20,815,N,VIIRS,n,2,297.72,2.46,D,0
30.74837,74.66301,333.26,0.42,0.37,2023-10-20,815,N,VIIRS,n,2,303.06,3.71,D,0
30.75082,73.96577,342.83,0.4,0.37,2023-10-20,815,N,VIIRS,n,2,301.68,3.82,D,0
30.75181,74.6624,333.39,0.42,0.37,2023-10-20,815,N,VIIRS,n,2,299.11,3.71,D,0
30.7593,73.97703,352.05,0.4,0.37,2023-10-20,815,N,VIIRS,n,2,306.19,10.07,D,0
30.75986,74.66986,338.38,0.42,0.37,2023-10-20,815,N,VIIRS,n,2,299.95,4.47,D,0
30.76188,74.07099,330.38,0.4,0.37,2023-10-20,815,N,VIIRS,n,2,298.27,3.29,D,0
30.76235,74.90285,331.42,0.42,0.38,2023-10-20,815,N,VIIRS,n,2,298.49,2.81,D,0
30.76245,74.07519,334.18,0.4,0.37,2023-10-20,815,N,VIIRS,n,2,300.13,3.29,D,0
30.76267,73.9764,330.87,0.4,0.37,2023-10-20,815,N,VIIRS,l,2,301.39,3.29,D,0
30.76494,71.81041,348,0.39,0.36,2023-10-20,815,N,VIIRS,n,2,298.17,10.94,D,0
30.76897,74.63265,341.04,0.42,0.37,2023-10-20,815,N,VIIRS,n,2,301.34,8.67,D,0
30.76979,73.928,336.22,0.4,0.37,2023-10-20,815,N,VIIRS,n,2,304.67,3.14,D,0
30.77183,74.62769,332.61,0.42,0.37,2023-10-20,815,N,VIIRS,n,2,300.5,1.99,D,0
30.78181,75.38651,343.94,0.44,0.38,2023-10-20,815,N,VIIRS,n,2,303.46,13.68,D,0
30.78393,73.83153,339.61,0.4,0.37,2023-10-20,815,N,VIIRS,n,2,302.04,5.21,D,0
30.7849,73.91237,336.04,0.4,0.37,2023-10-20,815,N,VIIRS,n,2,301.48,2.97,D,0
30.78543,74.57204,333.23,0.41,0.37,2023-10-20,815,N,VIIRS,n,2,303.14,4.35,D,0
30.78717,74.84878,331.74,0.42,0.38,2023-10-20,815,N,VIIRS,n,2,300.63,2.32,D,0
30.78917,74.49625,345.22,0.41,0.37,2023-10-20,815,N,VIIRS,n,2,303.89,11.39,D,0
30.79119,73.93256,331.07,0.4,0.37,2023-10-20,815,N,VIIRS,n,2,301.02,1.61,D,0
30.79163,73.19982,336.96,0.39,0.36,2023-10-20,815,N,VIIRS,n,2,300.86,3.54,D,0
30.79342,73.72784,354.68,0.4,0.37,2023-10-20,815,N,VIIRS,n,2,301.9,7.49,D,0
30.7947,73.38711,333.64,0.39,0.36,2023-10-20,815,N,VIIRS,n,2,303.28,2.9,D,0
30.79528,73.39117,332.65,0.39,0.36,2023-10-20,815,N,VIIRS,n,2,301.28,2.9,D,0
30.79572,74.57019,339.36,0.41,0.37,2023-10-20,815,N,VIIRS,n,2,300.39,4.63,D,0
30.79783,73.80766,339.21,0.4,0.37,2023-10-20,815,N,VIIRS,n,2,301.4,3.7,D,0
30.80457,75.31394,336.42,0.44,0.38,2023-10-20,815,N,VIIRS,n,2,300.79,3.16,D,0
30.80982,73.84371,340.71,0.4,0.37,2023-10-20,815,N,VIIRS,n,2,303.26,5,D,0
30.81046,75.30357,330.36,0.44,0.38,2023-10-20,815,N,VIIRS,n,2,300.92,2.34,D,0
30.81272,73.41715,345.52,0.39,0.36,2023-10-20,815,N,VIIRS,n,2,304.55,3.35,D,0
30.81561,73.72858,332.54,0.4,0.37,2023-10-20,815,N,VIIRS,n,2,301.39,1.95,D,0
30.81606,73.41651,330.06,0.39,0.36,2023-10-20,815,N,VIIRS,l,2,301.37,3.35,D,0
30.82021,73.54176,336.23,0.39,0.36,2023-10-20,815,N,VIIRS,n,2,300.8,4.25,D,0
30.82296,73.3691,332.62,0.39,0.36,2023-10-20,815,N,VIIRS,n,2,302.3,1.5,D,0
30.83479,73.89099,336.88,0.4,0.37,2023-10-20,815,N,VIIRS,n,2,300.82,2.5,D,0
30.83685,73.44187,336.68,0.39,0.36,2023-10-20,815,N,VIIRS,n,2,303.25,3.22,D,0
30.84453,75.28837,332.25,0.44,0.38,2023-10-20,815,N,VIIRS,n,2,298.26,2.92,D,0
30.87636,74.39763,347.3,0.41,0.37,2023-10-20,815,N,VIIRS,n,2,303.63,9.51,D,0
30.87861,75.30119,339.19,0.44,0.38,2023-10-20,815,N,VIIRS,n,2,300.21,5.94,D,0
30.8833,74.42274,332.58,0.41,0.37,2023-10-20,815,N,VIIRS,n,2,301.36,3.01,D,0
30.89885,74.45956,338.36,0.41,0.37,2023-10-20,815,N,VIIRS,n,2,300.45,4.87,D,0
30.92108,73.93906,332.67,0.4,0.37,2023-10-20,815,N,VIIRS,l,2,304.5,2.69,D,0
30.92296,74.25439,339.92,0.41,0.37,2023-10-20,815,N,VIIRS,n,2,301.23,6.17,D,0
30.929,74.7076,329.87,0.42,0.38,2023-10-20,815,N,VIIRS,n,2,298.62,2.58,D,0
30.93849,74.31711,334.25,0.41,0.37,2023-10-20,815,N,VIIRS,n,2,301.83,2.79,D,0
30.96625,74.29015,337.23,0.41,0.37,2023-10-20,815,N,VIIRS,n,2,304.59,8.64,D,0
30.97248,74.28464,335.89,0.41,0.37,2023-10-20,815,N,VIIRS,n,2,301.65,2.73,D,0
30.97399,74.12029,330.17,0.4,0.37,2023-10-20,815,N,VIIRS,n,2,301.22,1.67,D,0
30.98315,74.16203,339.7,0.41,0.37,2023-10-20,815,N,VIIRS,n,2,304.2,4.43,D,0
30.98956,74.23488,330.48,0.41,0.37,2023-10-20,815,N,VIIRS,l,2,301.39,2.44,D,0
30.99317,74.33343,331.53,0.41,0.37,2023-10-20,815,N,VIIRS,l,2,301.6,1.9,D,0
31.02104,74.3386,333.02,0.41,0.37,2023-10-20,815,N,VIIRS,n,2,302.07,3.15,D,0
31.02382,74.12844,333.76,0.4,0.37,2023-10-20,815,N,VIIRS,n,2,300.9,2.57,D,0
31.02721,74.12781,333.2,0.4,0.37,2023-10-20,815,N,VIIRS,n,2,300.56,3.54,D,0
31.05252,75.20393,332.59,0.44,0.38,2023-10-20,815,N,VIIRS,n,2,301.31,2.85,D,0
31.05585,74.36304,331.21,0.41,0.37,2023-10-20,815,N,VIIRS,n,2,300.78,1.5,D,0
31.05603,75.20332,342.51,0.44,0.38,2023-10-20,815,N,VIIRS,n,2,303.43,10.41,D,0
31.10023,75.29416,332.21,0.44,0.38,2023-10-20,815,N,VIIRS,n,2,300.16,5.46,D,0
31.13318,74.50056,329.7,0.41,0.37,2023-10-20,815,N,VIIRS,n,2,300.69,1.74,D,0
31.13728,74.26999,337.13,0.41,0.37,2023-10-20,815,N,VIIRS,n,2,301.54,3.09,D,0
31.13997,73.73348,332,0.4,0.37,2023-10-20,815,N,VIIRS,n,2,300.7,3.36,D,0
31.15079,75.24525,333.61,0.44,0.38,2023-10-20,815,N,VIIRS,n,2,301.98,4.2,D,0
31.15619,74.56781,334.33,0.42,0.37,2023-10-20,815,N,VIIRS,n,2,300.5,2.02,D,0
31.16223,73.69512,346.78,0.4,0.37,2023-10-20,815,N,VIIRS,n,2,303.36,12.99,D,0
31.16559,73.69449,345.01,0.4,0.37,2023-10-20,815,N,VIIRS,n,2,302.74,12.99,D,0
31.16652,74.56596,331.27,0.42,0.37,2023-10-20,815,N,VIIRS,n,2,298.51,3.75,D,0
31.18558,74.62978,332.05,0.42,0.38,2023-10-20,815,N,VIIRS,n,2,299.89,3.21,D,0
31.18827,74.54414,334.71,0.42,0.37,2023-10-20,815,N,VIIRS,n,2,301.69,3.17,D,0
31.19172,74.54353,336.33,0.42,0.37,2023-10-20,815,N,VIIRS,n,2,300.77,4.54,D,0
31.21701,70.7595,331.12,0.4,0.37,2023-10-20,815,N,VIIRS,n,2,298.57,3.49,D,0
31.21717,75.11831,332.36,0.43,0.38,2023-10-20,815,N,VIIRS,n,2,302.23,6.08,D,0
31.22069,75.1177,345.6,0.43,0.38,2023-10-20,815,N,VIIRS,n,2,299.94,6.08,D,0
31.22152,73.51863,344.24,0.39,0.36,2023-10-20,815,N,VIIRS,n,2,301.88,6.52,D,0
31.25855,74.66264,332.32,0.42,0.38,2023-10-20,815,N,VIIRS,n,2,299.92,4.13,D,0
31.28321,73.63876,343.46,0.4,0.37,2023-10-20,815,N,VIIRS,n,2,302.74,11.37,D,0
31.33688,75.27272,335.74,0.44,0.38,2023-10-20,815,N,VIIRS,n,2,301.4,6.66,D,0
31.39309,74.78531,337.28,0.42,0.38,2023-10-20,815,N,VIIRS,n,2,302.33,4.55,D,0
31.41821,75.23026,332.68,0.44,0.38,2023-10-20,815,N,VIIRS,n,2,300.72,22.84,D,0
31.42682,74.90792,332.08,0.43,0.38,2023-10-20,815,N,VIIRS,n,2,300.64,1.81,D,0
31.43253,74.81491,334.26,0.43,0.38,2023-10-20,815,N,VIIRS,n,2,300.36,3.31,D,0
31.47665,75.09921,348.16,0.44,0.38,2023-10-20,815,N,VIIRS,n,2,303.2,8.53,D,0
31.48483,75.07903,333.12,0.43,0.38,2023-10-20,815,N,VIIRS,n,2,301.98,3.81,D,0
31.49737,75.23239,330.7,0.44,0.38,2023-10-20,815,N,VIIRS,l,2,301.1,4.71,D,0
31.50091,75.23177,333.41,0.44,0.38,2023-10-20,815,N,VIIRS,n,2,301.41,4.71,D,0
31.50585,75.04727,335.71,0.43,0.38,2023-10-20,815,N,VIIRS,n,2,302.02,3.66,D,0
31.51577,74.848,333.38,0.43,0.38,2023-10-20,815,N,VIIRS,n,2,300.35,2.42,D,0
31.51827,75.08726,329.6,0.44,0.38,2023-10-20,815,N,VIIRS,l,2,301.3,2.74,D,0
31.52153,75.08881,336.45,0.44,0.38,2023-10-20,815,N,VIIRS,n,2,301.83,3.48,D,0
31.52178,75.08665,331.16,0.44,0.38,2023-10-20,815,N,VIIRS,l,2,301.38,2.83,D,0
31.52967,75.17471,329.79,0.44,0.38,2023-10-20,815,N,VIIRS,n,2,300.13,2.35,D,0
31.57234,74.92585,332.69,0.43,0.38,2023-10-20,815,N,VIIRS,n,2,301.32,3,D,0
31.58898,75.0817,332.75,0.44,0.38,2023-10-20,815,N,VIIRS,n,2,301.09,2.85,D,0
31.59069,74.82089,331.09,0.43,0.38,2023-10-20,815,N,VIIRS,n,2,300.53,3.18,D,0
31.62955,74.97778,336.39,0.43,0.38,2023-10-20,815,N,VIIRS,n,2,300.81,3.29,D,0
31.63895,72.36613,333.93,0.38,0.36,2023-10-20,815,N,VIIRS,n,2,299.6,2.07,D,0
31.64538,72.88642,337.88,0.39,0.36,2023-10-20,815,N,VIIRS,n,2,299.82,3.28,D,0
31.66381,74.61234,333.1,0.42,0.38,2023-10-20,815,N,VIIRS,n,2,299,2.61,D,0
31.70504,74.78466,335.89,0.43,0.38,2023-10-20,815,N,VIIRS,n,2,300.55,1.89,D,0
31.723,74.7308,331.5,0.43,0.38,2023-10-20,815,N,VIIRS,n,2,298.79,3.52,D,0
31.74063,72.22987,331.18,0.38,0.36,2023-10-20,815,N,VIIRS,n,2,298.65,1.48,D,0
31.743,75.47331,332.68,0.45,0.39,2023-10-20,815,N,VIIRS,n,2,302.46,3.78,D,0
31.76214,74.62304,346.61,0.42,0.38,2023-10-20,815,N,VIIRS,n,2,305.72,27.23,D,0
31.78743,74.58794,333.5,0.42,0.38,2023-10-20,815,N,VIIRS,n,2,299.14,2.55,D,0
31.79169,73.68781,331.07,0.4,0.37,2023-10-20,815,N,VIIRS,n,2,298.98,1.11,D,0
31.79335,75.02531,329.56,0.44,0.38,2023-10-20,815,N,VIIRS,l,2,299.77,3.12,D,0
31.7986,75.01027,332.34,0.44,0.38,2023-10-20,815,N,VIIRS,n,2,300.74,2.51,D,0
31.80254,73.0929,346.14,0.39,0.36,2023-10-20,815,N,VIIRS,n,2,300.21,4.09,D,0
31.81645,73.42062,343.11,0.4,0.37,2023-10-20,815,N,VIIRS,n,2,299.32,3.64,D,0
31.87616,73.24822,336.09,0.39,0.36,2023-10-20,815,N,VIIRS,n,2,302.09,5.19,D,0
31.89083,74.75304,331.56,0.43,0.38,2023-10-20,815,N,VIIRS,n,2,299.23,9.63,D,0
31.8967,74.77051,329.83,0.43,0.38,2023-10-20,815,N,VIIRS,n,2,299.59,1.66,D,0
31.92104,73.16759,343.7,0.39,0.36,2023-10-20,815,N,VIIRS,n,2,300.6,3.86,D,0
31.95942,75.16895,336.98,0.44,0.39,2023-10-20,815,N,VIIRS,n,2,301.02,4.45,D,0
32.04323,73.37443,340.79,0.4,0.37,2023-10-20,815,N,VIIRS,n,2,298.76,4.12,D,0
32.18949,73.44225,329.72,0.4,0.37,2023-10-20,815,N,VIIRS,n,2,299,1.41,D,0
32.39666,74.97663,330.56,0.44,0.38,2023-10-20,815,N,VIIRS,n,2,300.57,3.07,D,0
32.32649,73.02696,332.76,0.39,0.36,2023-10-20,816,N,VIIRS,n,2,300.43,2.93,D,0
32.33942,73.71997,331.17,0.4,0.37,2023-10-20,816,N,VIIRS,n,2,297.04,2.04,D,0
33.60043,72.86471,334.2,0.39,0.36,2023-10-20,816,N,VIIRS,n,2,300.21,2.56,D,0
32.71643,72.77345,299.14,0.5,0.41,2023-10-20,2038,N,VIIRS,n,2,286.97,1.04,N,2
32.88758,71.61753,303.3,0.38,0.43,2023-10-20,2038,N,VIIRS,n,2,290.06,0.39,N,2
33.40814,71.93564,301.04,0.56,0.43,2023-10-20,2038,N,VIIRS,n,2,287.73,0.82,N,0
33.80191,72.09982,302.66,0.56,0.43,2023-10-20,2038,N,VIIRS,n,2,288.43,0.7,N,0
29.90797,74.95007,330.46,0.4,0.37,2023-10-20,2039,N,VIIRS,n,2,289.46,2.83,N,2
29.91133,74.95071,330.81,0.4,0.37,2023-10-20,2039,N,VIIRS,n,2,290.94,2.83,N,2
30.32678,70.53867,304.16,0.41,0.45,2023-10-20,2039,N,VIIRS,n,2,287.93,1.76,N,2
30.61392,70.76471,325.36,0.4,0.44,2023-10-20,2039,N,VIIRS,n,2,282.14,4.34,N,0
28.05044,69.36842,302.06,0.45,0.47,2023-10-20,2040,N,VIIRS,n,2,291.69,0.81,N,2
28.42422,69.69975,302.86,0.43,0.46,2023-10-20,2040,N,VIIRS,n,2,291.98,0.67,N,2