point_id,district,ndvi_peak_value,ndvi_peak_month,ndvi_trough_value,ndvi_trough_month,ndvi_green_up_slope,ndvi_senescence_slope,ndvi_annual_mean,ndvi_annual_std,ndwi_peak_value,ndwi_peak_month,ndwi_trough_value,ndwi_trough_month,ndwi_green_up_slope,ndwi_senescence_slope,ndwi_annual_mean,ndwi_annual_std,evi_peak_value,evi_peak_month,evi_trough_value,evi_trough_month,evi_green_up_slope,evi_senescence_slope,evi_annual_mean,evi_annual_std
0,Shigar,0.4215030340749961,9,0.0578806767586821,5,0.08070512988921881,-0.04506948715723239,0.18025259487193054,0.11746739819130851,-0.11496949788831534,5,-0.42962369895916735,10,0.017824153490087924,-0.033745691848698585,-0.23266666652631676,0.1005335865317521,1.0325506937033084,9,0.18529076396807298,5,0.14575344561507833,-0.11678270227282495,0.496633221769583,0.28603460359072125
1,Shigar,0.8296552981944191,6,0.04194260485651214,3,0.20854757371476842,-0.13703968008910467,0.2665015173878723,0.277155418893552,-0.03793293018141836,3,-0.7578412475906782,6,0.04076092292248237,-0.1357747427892512,-0.2882609269964928,0.22811541395229987,3.4234234234234235,3,0.1619718309859155,9,1.0595574478080259,-0.6324820481725844,1.0860264935038273,1.107108100693355
2,Shigar,0.8295417437683683,7,0.0741392309625534,0,0.1416950240022528,-0.0845772265059711,0.42289479743013636,0.26672598215570803,-0.1476906552094522,0,-0.711260435756465,7,,-0.014917329954923933,-0.4076217645841407,0.20176254619581757,3.4156148208469057,6,0.28612997090203685,0,0.8579700964513224,-0.6068025107870536,1.3946718752269966,0.9744513720919659
3,Shigar,0.670308327263899,8,0.12271227122712271,3,0.08073737907254303,-0.09207502098252235,0.33436886960868756,0.18755601206163663,-0.20438292964244523,4,-0.572930955647005,8,0.006499713675871331,-0.06965229991285203,-0.3607112350809962,0.12998755737313952,6.766275346851654,7,0.2512197653898059,1,1.9457076115952479,-1.749914881092993,1.4270102335219734,1.7783476372625848
4,Shigar,-0.033632286995515695,6,-0.5042613636363636,2,0.08910794559198389,-0.01051409963939017,-0.24275466486419883,0.16209136996525877,0.5517019910083494,2,0.03151943462897527,7,0.03521908795470733,-0.08086694720513611,0.2502784602473928,0.18477209280343537,34.23076923076923,1,-1.2821512081060016,5,8.523001508295627,-10.609201408044276,4.248870408626618,9.569218625417639
5,Shigar,0.6426485824620891,9,0.057569296375266525,3,0.06553457949690289,-0.12086179647186833,0.28179978262636374,0.21384579577938279,-0.10887547507265817,3,-0.5814290895901342,9,0.012724925686960889,-0.09455385227090235,-0.31455261505884474,0.16495630810177428,2.7049431992631257,6,0.17767153378989534,1,0.7145637989328099,-0.5399253401892515,0.8142348527815887,0.7348981546629778
6,Shigar,0.744944283945522,6,0.058326289095519866,3,0.18667933774925127,-0.05301520356403585,0.34364970581221116,0.2512201920482269,-0.09985358711566618,3,-0.659666339548577,6,0.02455391223480582,-0.0974011766346742,-0.35148513642963336,0.20087747103233417,2.269298466180538,6,0.2871012482662968,3,0.512845657203338,-0.2465517549132156,1.0096221818479356,0.6801163395859081
7,Shigar,0.6485244315432994,9,0.07946210268948656,4,0.06511062520846517,-0.062393551896460474,0.31352075041253147,0.2124656276071323,-0.14869259789254585,4,-0.5653163404642695,10,0.00344113601686305,-0.05381657397399966,-0.31831083895237516,0.15828863794997447,3.8550724637681157,11,0.21064524227968867,1,0.6963927047730447,,1.3095587509332216,1.0707621865340624
8,Shigar,0.7218895542248835,9,0.05225225225225225,3,0.13295570577727459,-0.12962300648716232,0.26861341999702687,0.19132945630605527,-0.06530463334549434,3,-0.6473583704646722,9,0.05187428338778821,-0.049398806297017706,-0.29556504864694194,0.160908602694327,4.453900709219858,7,0.3042179917879806,1,1.301998134065558,-1.0228781797940234,1.1793213870655919,1.1363296075446392
9,Shigar,0.7781659388646288,7,0.07483676544450026,3,0.16418495535219715,-0.08072733534953558,0.3425247300143694,0.23184779764668378,-0.09575012800819252,3,-0.676410045286126,7,0.03228549133740033,-0.0636346566227949,-0.34665738580762434,0.19296386362057202,2.0825055510108683,7,0.345171588188348,1,0.2892534597324304,-0.24180115563406082,1.0895355886042415,0.5533224367235915
10,Shigar,0.7460698689956332,9,0.05392156862745098,6,0.17081182119188568,-0.142849675481224,0.24115165134070793,0.22696572916225885,-0.10614035087719298,4,-0.6204660587639311,9,0.013570931991984623,-0.011332888279078681,-0.25673806345676825,0.17137505469650557,2.141111598471082,9,0.21678436524880934,6,0.4061553071025433,-0.43662464884653635,0.7812412194006952,0.6889337476761924
11,Shigar,0.7924376508447305,6,0.0811965811965812,2,0.18705946351577718,-0.0690517946586144,0.37970306277929106,0.27030665271490084,-0.13126796550622805,2,-0.698170731707317,6,0.028374893013360474,-0.03674766307472004,-0.3790173166464859,0.2043601918845713,2.370352544820118,6,0.2447080018015313,1,0.4593861920442069,-0.24900204002887136,1.1883022921336426,0.8049663348359608
12,Shigar,0.5707607309817254,7,0.06518980039229261,4,0.11717233948028549,-0.0709018697686981,0.23656440159609796,0.16740409173957296,-0.12857142857142856,3,-0.49817592217267936,7,0.015735556834194364,-0.03910066862692762,-0.27597147832365304,0.12428566982105971,1.9767441860465116,7,0.17978743715394896,4,0.41438058603833455,-0.35494306671997294,0.6949182975085116,0.545378610035706
13,Shigar,0.7888400535065928,7,0.05217391304347826,3,0.1355144987348849,-0.13456748119573594,0.3170712374474363,0.253881259305831,-0.07961564859299931,3,-0.7096155602228107,7,0.038086482008231955,-0.1060001507881675,-0.3555085624974354,0.19890212780716485,2.3760228118026285,6,0.23985908926073668,1,0.653137568524557,-0.3048531830758931,0.8548778751830355,0.742348641124842
14,Shigar,0.8624762708289391,7,0.11829165495925822,3,0.14302363863353246,-0.08395949944228742,0.43308391596110657,0.25043599834236197,-0.1880597014925373,3,-0.7870876340821696,7,0.028935811166444985,-0.07759234351037281,-0.45403347728582927,0.2003154000068094,2.880591497227357,6,0.3556707101637027,1,0.7053332230391388,-0.3918404872533274,1.2270009943099127,0.7372817650322111
15,Azad Kashmir,0.7459487715629901,10,0.39287083173629744,2,0.04992310535451635,-0.000391431371748463,0.5683867205584289,0.11176042591626068,-0.4134577985219759,2,-0.6716732542819499,11,0.049185843083008086,-0.04561717919645475,-0.5595711674477575,0.07038963405703473,1.913125083791393,10,0.7945929768555466,7,0.15381387205580258,-0.0005918545820735588,1.3694265690641425,0.3998785970740432
16,Azad Kashmir,0.792820955050124,8,0.22540620384047266,6,0.17423726420842076,-0.08990684535137998,0.5355603200286744,0.20119766019163773,-0.2784607161945484,7,-0.6739912105473432,3,0.06603798469360213,-0.1037287057421411,-0.5227136915010532,0.13219623749524226,2.37825777662808,8,0.4066297164783628,6,0.6199922151867393,-0.3408060612112745,1.2590798809404726,0.6066312252458662
17,Azad Kashmir,0.7558931377684651,9,0.32624651986838776,6,0.1261000727406458,-0.03745399469125928,0.4898697190876216,0.1342919312109237,-0.40451293340671435,7,-0.6660039761431411,9,0.022929209561681818,-0.06462768771685452,-0.515089829755123,0.08097532996677972,1.8293610547667343,9,0.6297635333203049,6,0.37208884041843665,-0.10226863445298662,1.0338511585670742,0.3903253773026968
18,Azad Kashmir,0.726741431053546,2,0.2949061662198391,11,0.04998404095257033,-0.04903863595654612,0.551702086259325,0.16760452795148773,-0.37983281086729365,7,-0.6746394653534998,3,0.03455398225659959,-0.07383504702848988,-0.5365134905395231,0.10426703618765873,2.0803140096618358,9,0.5207100591715976,11,0.3428846948711724,-0.33814922358061805,1.3510525239577567,0.5423625458707182
19,Azad Kashmir,0.8064183528805259,9,0.26635001826817684,1,0.11864375295045798,-0.07869495738985795,0.49052000810348645,0.17152656511029352,-0.38032656312226204,1,-0.6605113636363636,5,0.02408134596383203,-0.0445784201520387,-0.5341387710630321,0.08749915005691604,2.311073354509862,9,0.4995821893279217,2,0.48315024022255343,-0.3660819687617544,1.041258458707143,0.5068678278328299
20,Azad Kashmir,0.8171126139370773,4,0.42203583682805945,0,0.09093122290626843,-0.07801507950949382,0.6030581164663033,0.12708357332330472,-0.47374239911553345,7,-0.7290386033931645,8,0.06147468736989028,-0.0573448309937161,-0.5806290349523688,0.0838755284845357,2.3398479913137895,9,0.7839754648265287,7,0.3517335395918732,-0.331595538297468,1.4548042398253596,0.4453288986549139
21,Azad Kashmir,0.5981094679066931,4,0.2968349016253208,10,0.07017339709363203,-0.05199815079246334,0.4286733598348622,0.09692287125312996,-0.24262295081967214,10,-0.5743466506458396,4,0.07399398173621245,-0.07881979012263741,-0.4407881477065705,0.0769366094537159,1.3613991337445859,8,0.5710377298466629,0,0.13012170752839392,-0.1213596858300815,0.9746984580785844,0.2578812139558249
22,Azad Kashmir,0.803102247546692,8,0.26465364120781526,7,0.1570983935071866,-0.07252203680286091,0.5788708022418734,0.19516862038985772,-0.3622163277335691,6,-0.7009054011863878,3,0.09276383891713126,-0.06819703617814904,-0.5716775856029,0.119741906631426,2.2198565011958236,8,0.4331755129163552,7,0.550589720915589,-0.3213427915729827,1.261180588001895,0.5779887998459654
23,Azad Kashmir,0.6824349101576824,3,0.5536480686695279,1,0.03144228476806029,-0.02179005659291337,0.6072987402839025,0.03215662450767654,-0.50633608815427,8,-0.6344852155325971,3,0.027301117321447316,-0.0112885263633683,-0.5632369631820268,0.0401169498696311,2.8362037376328324,1,1.1612235943082805,7,0.2441075973998362,-0.3616094429155317,1.7339710631530771,0.4571560616289997
24,Azad Kashmir,0.5627597672485453,3,-0.2631578947368421,10,0.053664942279583884,-0.0390192581255032,0.30955254401449317,0.26984110404094785,0.5342465753424658,10,-0.568217054263566,4,0.23794247855845804,-0.2706608081330232,-0.30655447479629494,0.3513066856378824,1.3963246997540153,8,0.2940159114493255,10,0.1731643270979463,-0.25879826261348526,0.9086356121890572,0.3420939571308684
25,Azad Kashmir,0.7166337935568705,3,-0.4411764705882353,8,0.10010269399774575,-0.13042662186340834,0.16941604181743464,0.36144009779109176,0.5722120658135283,11,-0.6419987349778621,4,0.02654061249027902,,-0.11157175122744524,0.4602742178702217,6.214285714285714,10,0.2591305042755534,7,1.8897840320697483,-1.952287435005424,1.2576836428323976,1.584682457831747
26,Azad Kashmir,0.7548504907555352,0,0.21232546942705827,10,,-0.034166577829191004,0.5522727760207043,0.175447935397082,-0.28338430173292556,10,-0.6669557675628794,0,0.08084087072797869,-0.029888146634846197,-0.5293386803694765,0.11691057335465162,2.696128374936322,1,0.45184426229508196,10,0.09072489968619409,-0.3247692777820928,1.5105681070142376,0.7419568096509436
27,Azad Kashmir,0.8412205844323766,3,-0.5063291139240507,11,0.10235733130550022,-0.15379742848883396,0.24362319766957918,0.42895808654226353,0.6850605652759085,11,-0.7711442786069652,3,0.15435501983183622,,-0.2148633211295928,0.4887823555022101,2.1328350380277996,3,0.2884914118325862,6,0.24179960033723277,-0.41704295650146267,1.0773372109030144,0.7253405716087611
28,Azad Kashmir,0.4780278670953912,9,0.25333333333333335,3,0.0486625641194949,-0.04010251275978168,0.33047988884670276,0.06351883390049852,-0.2839290903807033,3,-0.41363403382880576,9,0.010823872312485494,-0.007949127922463606,-0.3321161483114836,0.03955242232593535,1.839105655414292,8,0.6773361650485437,3,0.2824078918367553,-0.16708432081042326,1.077718964233011,0.37278928641913833
29,Azad Kashmir,0.7765630338230269,8,0.3289283501961594,6,0.13163075834824547,-0.054214411378831574,0.556663312191054,0.14296162747880556,-0.38280020975353957,7,-0.6741573033707865,4,0.0480356857436686,-0.08357007294686114,-0.548253803235272,0.09378233871488671,2.44391083076482,8,0.6858692844226298,6,0.5529146923683603,-0.2943221222248102,1.3265092922451613,0.5262452930983701
30,Diamer,0.9512195121951219,3,0.3064634325076946,7,0.044460333291488685,-0.10642156701063095,0.70362188002514,0.23994179661538867,-0.4061592097617664,11,-0.8682343401581188,2,0.11680847045411719,,-0.6900814631395488,0.15432507459188005,2.182337992376112,9,0.41356803797468356,7,0.47617705679919053,-0.3305063816481193,1.4493629462373898,0.6194283042729141
31,Diamer,0.9059749884205651,9,0.2580899763220205,2,0.04892200877519907,-0.07586097872118787,0.601598447261566,0.20957455032085642,-0.3800865800865801,2,-0.8260483692034613,9,0.045891452150988464,-0.049943051841371655,-0.5955749005112764,0.13619774358106998,2.3030731190392086,9,0.5623387790197765,2,0.09407572572230327,-0.2327203998644285,1.4804422796766563,0.597675537092489
32,Diamer,1.0,2,0.08344733242134063,4,0.28567831939427824,-0.27738007429043837,0.35007184112693146,0.2551135402618956,-0.15283842794759825,4,-1.0,2,0.09976218593597712,-0.06230688459904096,-0.38532384438520345,0.2262337936358138,2.4888392857142856,2,0.2252958790817054,3,0.7008447381212107,-0.6972346878779391,0.8633760166501832,0.6307031330718909
33,Diamer,0.9112467715426157,9,0.19392168322618353,7,0.18702938490814233,-0.044397305326387304,0.5784069972640599,0.26986204977767886,-0.3430637738330046,7,-0.8337963522164512,5,0.12628303134392668,-0.09837193160107861,-0.5917776796472322,0.17071633424911523,2.1633221850613156,9,0.3173419029037071,7,0.5150904159588663,-0.1524347199221631,1.158686895658855,0.6954997481863043
34,Diamer,0.9044191161767646,5,0.21610003907776476,0,0.158285643597283,-0.09840413497240515,0.5495383345767544,0.2503039226508514,-0.30209205020920504,0,-0.7949491142103279,5,,-0.040064057183207026,-0.5559800453651422,0.16531855773970877,2.4267625281682585,5,0.47144075021312876,0,0.48370086564471143,-0.3294886941417381,1.3337705126820154,0.7420860416397284
35,Diamer,0.957347972972973,4,0.2552561445069588,0,0.14235441824047054,-0.09594240696457423,0.6392343660908333,0.26279130007007023,-0.37696930323209354,0,-0.8418438307172661,4,,-0.05565702118462831,-0.6247061825819146,0.17799858211698524,2.2789783889980355,9,0.47008780062169386,0,0.3218619993253138,-0.2834252378366678,1.4477441792589343,0.6637004676829933
36,Diamer,0.5311743904708729,9,0.09423791821561338,7,0.1283309267779066,-0.06544100433638601,0.22591230571798043,0.16514403783853768,-0.22463582928699208,5,-0.5338864547403748,9,0.025151887340444535,-0.005565137912662009,-0.31952441112507696,0.1121410323945398,1.149665905438552,10,0.1777450567942785,7,0.14978090636114275,-0.2943195436042418,0.488463697133662,0.3918471386557255
37,Diamer,0.7990913679959616,9,0.11030478955007257,1,0.17978114915666965,-0.07937888755065174,0.28769286863892535,0.2387698833464605,-0.21708718461154133,4,-0.6565187078782245,9,0.008036065624056149,-0.01294691601097254,-0.33797655875772564,0.1543353887429269,2.0111802820480245,9,0.17242161622578156,1,0.4537440290386893,-0.2540961955312005,0.668151823131964,0.6042528466005557
38,Diamer,0.7044599677592692,9,0.11067961165048544,4,0.0814574519397076,-0.133023169922909,0.34955625760196235,0.20582648323298275,-0.164969450101833,4,-0.6538060479666319,9,0.020061868476560978,-0.06400594886189619,-0.39059993650983266,0.15470395353467006,1.8180007964954201,8,0.39404688463911164,1,0.3292265346196567,-0.26274741903643895,0.9874485774782915,0.4968139294927943
39,Diamer,0.8639455782312925,9,0.15489306545690215,0,0.10857744732988499,-0.12427528338157993,0.4180093379608209,0.2848738400515996,-0.2811004784688995,5,-0.7366999168744804,9,0.027380400085861272,-0.07837540153562568,-0.46204849960717287,0.17134059601759483,2.2943197299058222,9,0.25784874312223544,0,0.2935493321440655,-0.3984164792594998,1.0001285681271839,0.7974312456258811
40,Diamer,0.7263843648208469,9,0.15075468266957628,4,0.12976560412668722,-0.1186373554656344,0.32797189034700197,0.20415464414913703,-0.22993197278911565,4,-0.6447839579851994,9,0.03116812880745712,-0.018262531117384777,-0.3694785762531018,0.13373962532158737,2.02081362346263,10,0.27928908233587235,1,0.22701200645123873,-0.5278293628122365,0.8969283089128385,0.6564320891956938
41,Diamer,0.873242306908498,9,0.22643478260869565,0,0.1301958182577958,-0.054772386333433065,0.5391999428265098,0.20785690089693099,-0.35801018409714064,1,-0.7415017517280561,10,0.00842579321778325,-0.06835089616724316,-0.5552451338701082,0.12421838400864803,2.101314240878776,9,0.3911319394376352,0,0.3745132949255014,-0.13354086160981135,1.1444819593497575,0.5547963395120605
42,Diamer,0.7142182333490789,8,0.14454532353365038,4,0.1450925022274108,-0.09864074750218338,0.33283409011384346,0.20233344709378398,-0.22505013111213945,4,-0.6387446376157146,8,0.025769077125016266,-0.039262635908256314,-0.3872401593491712,0.13609684917350579,2.1330607938810497,9,0.3328804347826087,1,0.29506508659248626,-0.5396724940922542,0.8466806582232043,0.6191005793133099
43,Diamer,0.739203707604803,9,0.1167940943843923,5,0.08988000987267879,-0.060225224225282835,0.3558513758814699,0.22801944311057357,-0.1799442896935933,5,-0.6828373420301671,9,0.03805576506639316,-0.09158677478356976,-0.39778894124150393,0.1549398101965056,1.9058222898109929,9,0.3029686864579097,4,0.21124605083572087,-0.16002026897814411,0.9483675691858395,0.5673637105237748
44,Diamer,0.83963133640553,10,0.22014202711426728,3,0.04988964851676462,-0.13239921301921204,0.5009423476219234,0.20676703140701522,-0.23812643301670489,3,-0.7478108581436077,10,0.05222197672702411,-0.08816877079982728,-0.5051933496950384,0.14425253420913678,2.135666347075743,7,0.46774424259762554,1,0.2442401295715142,-0.023428844978827357,1.38523354352999,0.6163778752926061
45,Ghizer,0.6575743913435528,7,0.060759755718869685,4,0.13573645350676947,-0.10302863613543378,0.2475784248775608,0.2190167915554974,-0.1318754141815772,4,-0.5784669397308367,8,0.030210885294337336,-0.09198844969483828,-0.2918807185013606,0.15399962243972923,2.0175681283718356,7,0.1783543996110841,4,0.3740452484957231,-0.36994647825215815,0.7259066169736812,0.7147022619156681
46,Ghizer,0.6023789294817332,7,0.045690061234102686,4,0.12746352747647172,-0.0475166026541726,0.27247059830693243,0.19865990111203452,-0.09928200049517208,4,-0.5289825699229834,7,0.018433883443730602,-0.09330769767487963,-0.2818769800119228,0.14221758015890015,1.836074064482714,7,0.19127462152042976,3,0.3107388443080184,-0.16492454762795683,0.8817806923816205,0.6317833141991548
47,Ghizer,0.3143015010590294,8,-0.03456383729132377,3,0.030719310767425095,-0.02415391049910136,0.17217829953073768,0.10658923968130027,0.060196841382467385,3,-0.25954413282056094,7,0.06466455071678369,-0.06016809776736704,-0.1497569091270364,0.08950986151494461,82.02072538860104,7,-8.678977272727273,11,27.96139744259287,-26.118120792989597,7.024680054281589,23.200119444503994
48,Ghizer,0.6023329798515377,9,0.059230436662343275,4,0.12660334535212103,-0.15759807016611468,0.17247051341531974,0.1614423728659574,-0.09326193663543061,4,-0.5460963880077765,9,0.015222257084227947,-0.017646607790906422,-0.2023575008217226,0.1304771349961822,1.920995670995671,9,0.19153109495788623,0,0.3583008030079351,-0.4932172096113243,0.6201933298265296,0.5088032262658059
49,Ghizer,0.8254627880619569,8,0.08254176220111366,2,0.186627829795093,-0.11348924492866025,0.3108695404342878,0.2849060261087107,-0.1765087605451006,4,-0.7149955634427684,8,0.003481463409943828,-0.047319553462593505,-0.34289372033351123,0.19907879513658047,2.4037403740374037,8,0.18569007442340285,2,0.5586751004802467,-0.3795494107318218,0.8337530746200991,0.8223333790358924
50,Ghizer,0.7719036452781923,8,0.07260579064587973,4,0.16944185103879073,-0.1649723672021302,0.2658266448110381,0.24882285473608956,-0.0645446507515473,4,-0.6744560838033844,8,0.02891901126045922,-0.07243339611098648,-0.2889741241148275,0.19562099923387075,2.4223976451699225,8,-1.775599128540305,4,0.5309962649723864,-0.5786801669227967,0.5777139855970128,1.0635181427953875
51,Ghizer,0.7405614714424008,9,0.07695831424644985,2,0.05975357774641247,-0.10148150844244568,0.37998961879726023,0.22034550262964986,-0.09872648673910503,2,-0.6533333333333333,9,0.05466526580970472,-0.07086442334374278,-0.38647492132233735,0.16948271427820202,2.163269594452616,5,0.337427643653819,3,0.4811918751939353,-0.1471390656266359,1.2172944984523284,0.6661549603076924
52,Ghizer,0.3531763660595291,8,0.02002534854245881,4,0.06912338367917412,-0.054738661189873535,0.1444524493164485,0.10241544832228891,-0.057692307692307696,1,-0.34928017718715393,8,0.022652671832870477,-0.009904529099709727,-0.17271439895691404,0.09231709375324722,1.9198261289543588,8,0.12889541523902756,4,0.3978387823611489,-0.38351395984534226,0.8543097552755835,0.5649197821819322
53,Ghizer,0.7941695196597157,7,0.08023255813953488,2,0.16492194758739204,-0.16212108125760913,0.2641221772099667,0.2374828406913472,-0.15729166666666666,4,-0.7045140942243249,7,0.03018720577771275,-0.10938504080862978,-0.32453370189127595,0.16570788499006334,2.1536686923250055,7,0.1671309192200557,2,0.40070871225471505,-0.4532848392804327,0.7084397472982067,0.7349927541729613
54,Ghizer,0.7115516062884484,8,0.09594998640935036,2,0.09674184364455517,-0.08876093234594253,0.34306394106056187,0.22744625114564967,-0.19108897191088972,4,-0.5984555984555985,9,0.004506236338899137,-0.07402823181764061,-0.36554271956926315,0.15959821061584087,2.113276492082826,8,0.21918658801614405,2,0.28758668993708797,-0.3429949251679752,0.9302505228473046,0.6444200996128138
55,Ghizer,0.6217264791464597,8,0.043153796236210254,5,0.1005435379735982,-0.13978870743427416,0.22258464590793137,0.20674111049828575,-0.07579053036640455,5,-0.5395948434622467,8,0.007133512431906686,-0.1268020257722932,-0.23857950267263944,0.16043430960584287,2.443237424153455,7,0.1859622353614343,2,0.4551862247865625,-0.40730648163987343,0.954545690025482,0.8246536490994801
56,Ghizer,0.8488995746254855,7,0.10999313972101532,4,0.2190218851404543,-0.11708805382435884,0.3245560395635101,0.25919999502016594,-0.19116564417177914,4,-0.7497155858930603,7,0.03160272376095827,-0.08855490917964577,-0.3828529765463285,0.17576600756661181,2.5189331577214356,7,0.3099289454001496,1,0.6633116057846254,-0.4064796923292209,0.8545374331987854,0.8011554763099762
57,Ghizer,0.6050279329608939,9,0.06340788563523173,1,0.09696691735393899,-0.13055562931882939,0.21882774127364193,0.1881838900145368,-0.1066974595842956,5,-0.5552848829340912,9,0.007148842445781188,-0.06138264963125103,-0.24019464868585122,0.1488920164106483,1.8637920612532741,8,0.20767255701555656,1,0.39231147488334006,-0.3302394736551923,0.7026994996087456,0.5426946174618438
58,Ghizer,0.7496751840623647,8,0.059213799966827005,4,0.1473599030044336,-0.16363832396684194,0.2529804176488193,0.21895167026442394,-0.10810341835849384,4,-0.6543816543816544,8,0.024730224767213347,-0.06904300644010092,-0.28989771738881154,0.17201637866663766,2.3589533932951756,8,0.30723944439334006,1,0.3941577494850485,-0.5895927024622597,0.8230499920431872,0.6697384419534962
59,Ghizer,0.7057590331730176,9,0.07335257335257335,4,0.08003230918022765,-0.08942014735045056,0.3112181129482862,0.23250400934904528,-0.13274111675126904,4,-0.5983360295816963,9,0.012203596412743545,-0.060637391044255175,-0.31945524911969236,0.16984050401023756,2.087619464507186,9,0.25353828849939075,3,0.12958865749003126,-0.2966176242683174,1.0698513863924288,0.6505534013516376
60,Hunza,0.705186533212011,9,0.09169453734671126,3,0.039797273057455985,-0.03605344635572424,0.4006457958179845,0.24266698995838107,-0.15258358662613983,2,-0.642418930762489,9,0.04023705733720289,-0.03725943613850055,-0.4004547713052768,0.17398029306826635,2.689261588632658,6,0.2287740769070301,3,0.6006179406455066,-0.3405591917190727,1.266337704927203,0.7807505511684346
61,Hunza,0.7191294387170676,8,0.03824362606232295,4,0.17300514709759587,-0.10077786941973797,0.25608243148595145,0.25378186629297,-0.09545227386306847,5,-0.5832963127498889,9,0.004956206471646338,-0.08742806698854466,-0.2619974815790031,0.18292566416343373,2.578445868243798,8,0.1455787203450755,4,0.4565946234897762,-0.45755687271610285,0.966280732413447,0.8580390845784884
62,Hunza,0.5788336933045356,8,-0.04416635995583364,2,0.08919321582144141,-0.03846139701636279,0.26665748799062633,0.21136314507512505,0.13404468156052018,2,-0.5103937393005625,10,0.0557813422988207,-0.09598743072242599,-0.25424805362117336,0.21193400234665735,2.3067281660483303,9,-0.09286412512218964,1,0.1825723205045268,-0.2699243936211347,1.2143768289638432,0.7277862286629823
63,Hunza,0.8595317725752508,8,0.0325149303251493,2,0.18736652771782839,-0.1994503621733068,0.2403878939094012,0.2569416716374791,-0.06378079668431959,4,-0.7464662328920799,8,0.021733958690189233,-0.07866643295801584,-0.2743101659300337,0.21015259378365758,2.266028467061343,8,0.17632822404056703,3,0.39971540498167185,-0.5707147037768029,0.6991183626633628,0.6906814016306667
64,Hunza,0.7542997542997543,8,0.0038517091959557053,3,0.15455816712463596,-0.1672365262948853,0.22248614574771478,0.269793250098442,-0.009929765076289659,3,-0.6535433070866141,8,0.014318137889717983,-0.028268185157828554,-0.22039829514429846,0.22310942442157192,4.258021390374331,6,-0.2597402597402597,3,1.4221192335262531,-0.6827241364648494,1.1455544948972127,1.364769882479325
65,Hunza,0.7699353448275862,8,-0.03392754456584244,2,0.07653663413473859,-0.028737330567123725,0.42499461254623466,0.267842029140064,0.13178294573643412,2,-0.695046439628483,8,0.11101411621445799,-0.14157740107886577,-0.4052915419212098,0.2469685821512515,2.082182320441989,10,-1.832449160035367,1,0.0935710001470272,-0.04000001712604425,1.0100092517966763,1.0776546850964757
66,Hunza,0.8886144172467999,8,0.04854139600803118,5,0.17992895188714164,-0.1751431619419123,0.28387989919959533,0.2960646413116176,-0.08083759435110786,5,-0.7701536518627657,8,0.02450656711191125,-0.1567764705525179,-0.304235460099397,0.22006751504935865,2.5539455032288547,7,0.20875557357113902,0,0.6460118584451752,-0.3683951036046595,0.8452132883174722,0.7908008181265417
67,Hunza,0.5853006681514477,8,-0.04640597111796203,2,0.0832570216387555,-0.05619938236313817,0.2506885392326075,0.21934154433571673,0.0872097538246486,2,-0.5863605972810341,8,0.01456199058683595,-0.08634707930517566,-0.25141799939586457,0.22426171862659605,1.9554619071227897,9,-0.04008551576696953,1,0.17620396321668208,-0.30212000088858154,0.8236128259715113,0.6280572579967255
68,Hunza,0.4672222222222222,8,0.020884187686465962,0,0.04602289743143628,-0.04969442420057396,0.23152795738668797,0.1511041363027456,-0.029822161422708618,0,-0.4550964187327824,8,,-0.03896609358163503,-0.2556225180978346,0.12563767948488966,1.6790582403965304,7,-0.6270358306188925,0,0.24957857780055404,-0.15220043860562038,0.7556952123282431,0.6229963918389011
69,Hunza,0.7075257991442235,8,0.06486833654463713,2,0.1496470884258981,-0.11243893286873886,0.2517950807474483,0.20978173188611962,-0.11594429666718824,4,-0.6386473429951691,8,0.011417976925657339,-0.04510460881999867,-0.27862332787579036,0.17124233505637507,2.0539237176676894,8,0.2543489720611492,3,0.2695092605140023,-0.34802589196924755,0.9393785745838472,0.5811629883408489
70,Hunza,0.8690666666666667,9,0.07012358946802794,4,0.08477911484508964,-0.14395721042595142,0.3661099855840757,0.29312628831902793,-0.11521769564608708,4,-0.7502809339493071,9,0.023853554526417575,-0.09359294592979506,-0.3772619195883557,0.2202379680200365,2.227303295225286,7,0.1790793897077838,1,0.5448359214666557,-0.1438640022319031,0.9783886592122507,0.7691580460098271
71,Hunza,0.7911811743203108,7,0.04119850187265917,3,0.18978436987354982,-0.09903230495785492,0.30992300295380937,0.24924208727314692,-0.05321164112278285,3,-0.7200526546731022,7,0.02000095279364172,-0.05401796341994721,-0.31257083860672047,0.21013185744804125,9.966299019607844,6,-10.833333333333334,2,3.0976320563057738,-2.7004865610031197,0.8273858187635938,4.524097299493863
72,Hunza,0.6271792579347341,8,0.07504132231404959,2,0.08634860929111793,-0.08319815936609304,0.2972933998351527,0.18877232157016238,-0.13429288260926978,5,-0.6184971098265896,8,0.020615391217543067,-0.1295754053333746,-0.347918675274115,0.1492284925332398,1.9284802043422733,7,0.2812615271117669,3,0.35500201064072945,-0.3011785504204469,0.9147940110733169,0.568145609994405
73,Hunza,0.7458592132505176,9,0.04180836167233447,4,0.12155471405142619,-0.17929045135900878,0.22571593020996175,0.22514564672979687,-0.07999044890162368,5,-0.673530141404118,9,0.01688503308499591,-0.0977318164305498,-0.25846768473078513,0.18192728406609363,1.5861309851403411,9,0.1693679092382496,4,0.11268750722906007,-0.3193826025381161,0.6819847752431688,0.5276748826179019
74,Hunza,0.5696178035800677,8,0.0819935691318328,4,0.10889976571129345,-0.08302273879934056,0.23367484856271967,0.15997676390228005,-0.15834767641996558,4,-0.5571126895757343,8,0.012115513142563391,-0.04604930011997561,-0.2921294334969855,0.12817795081068006,1.5084042226094085,8,0.23752628560504685,3,0.23610683160691093,-0.1937602086469777,0.6730618769863299,0.4275728624616047
75,Gilgit,0.9514230368052451,9,0.12986480950430151,0,0.15738638329750873,-0.1500927543672581,0.4121965941821074,0.31410714981517424,-0.20462983184101333,0,-0.8216719988871888,9,,-0.07492924657619397,-0.45372271127372177,0.2224492057098849,2.54707196425722,9,0.29728464419475653,1,0.43338760297503076,-0.4339874650503643,1.0476032422092771,0.8198562013586093
76,Gilgit,0.9668590579035561,8,0.07368421052631578,1,0.206415104969515,-0.1790310619774116,0.366395132453885,0.34003875216976037,-0.10749185667752444,1,-0.8684117438981253,8,0.030320885615160744,-0.04419411827508616,-0.3676451002114321,0.2720631629400203,3.072639225181598,7,0.30771195097037796,4,0.8742520018322931,-0.42413362757319123,1.125386415192487,0.9942763910845587
77,Gilgit,0.8718786218522812,9,0.21569889013993887,2,0.035608114789017965,-0.09817086195153661,0.5503645561148082,0.2545636433359356,-0.2825750541627979,3,-0.7668821481849826,9,0.024501844035173175,-0.11952736253064845,-0.5507534911726931,0.1815023456902532,2.2965697158081704,9,0.32710508342277295,2,0.15147020344858442,-0.3193931530405702,1.390950012297745,0.6245340179755337
78,Gilgit,0.9228631766144271,8,0.13769425370437297,4,0.17687850545360564,-0.1580134200935223,0.4479636450101514,0.30200085995501813,-0.22920734088246777,4,-0.8522483940042827,8,,-0.06053879907471054,-0.47578070751095997,0.23025396776730692,2.293259699801756,7,0.3813300793166565,5,0.5890817568708577,-0.25610131459271085,1.1060221392906215,0.7595772083389191
79,Gilgit,0.8661927660464144,7,0.08489583333333334,3,0.10877779307676594,-0.04777043114374513,0.46976411539305646,0.31837740594672004,-0.13268080478520936,3,-0.799959669288163,7,0.023655703057017086,-0.12298431008525967,-0.45330359626058137,0.24809740812596198,3.197180842543649,6,0.23367724052971975,2,0.7774095384213405,-0.4266393332629707,1.3602247882272842,0.9582605663305761
80,Gilgit,0.8231079265562025,9,0.27564617113501366,2,0.0784472878208136,-0.08841183021159686,0.536120755234973,0.20201658700048017,-0.36685791427607156,3,-0.7072761585237995,9,0.021959136065145546,-0.09422354927620825,-0.5344772548346666,0.1272788133284582,2.340162486753797,6,0.46312779845713975,2,0.24927672340031792,-0.17495705685001406,1.4099874066564035,0.6914491886178585
81,Gilgit,0.8421310671678379,9,0.08745247148288973,4,0.18066298616918922,-0.13224782576354646,0.3358540943623876,0.26010237390147634,-0.14646931853222325,4,-0.7443515939337666,9,,-0.029495042135738715,-0.35732581827869314,0.19592424287242638,2.496608527131783,9,0.35851318944844124,4,0.5592981998157573,-0.3743480604137555,1.009427985764401,0.7724726672138711
82,Gilgit,0.8812908182865924,9,0.057799875699192045,4,0.20676171739100693,-0.13736005561209444,0.33239734284000433,0.2840397672361175,-0.09895076674737692,4,-0.7797564964564783,9,,-0.03482708158515039,-0.3492867888100949,0.2218826410644543,2.2701743060038733,10,0.46422138529556245,7,0.3338330053352656,-0.5995725376968292,0.9907444482353776,0.7025066365506114
83,Gilgit,0.8643794612019341,9,0.23831417624521073,1,0.08839392797260552,-0.13315113425361552,0.4921082321001067,0.22231275345650742,-0.32677442023893183,11,-0.7147395171537484,9,0.08802567089874434,,-0.5112042842674117,0.1277021877053847,2.334431938312294,9,0.3102086858432036,0,0.27634928738211967,-0.41514070147659093,1.1666424396885133,0.6844104911834683
84,Gilgit,0.8662846227316141,9,0.12591568762957844,2,0.11327010992355062,-0.0946471319957513,0.42494521335465346,0.2849646811874379,-0.18469814704124327,3,-0.7159165751920966,9,0.011816615062408192,-0.0935775142751945,-0.4101362200105934,0.1940894766296728,2.1979886102023505,9,0.28408382187850817,2,0.2589717870633826,-0.36576429019628803,1.1370076685430799,0.7148639013170188
85,Gilgit,0.8931732627937735,9,0.13228543608290444,3,0.08058422037896851,-0.11804949950067552,0.4833268344817046,0.2796025517160191,-0.22020686553740068,3,-0.7827169955930254,9,0.029285970140279716,-0.11689339792584257,-0.4808188881009759,0.20188607729183017,2.4657114183764497,6,0.2951216484607746,3,0.4472843460393398,-0.27870867544388456,1.2347179089775964,0.7745997329867828
86,Gilgit,0.9013104675618832,9,0.041666666666666664,1,0.15469268169387781,-0.11905211192532994,0.40194634188896317,0.33599365073038406,-0.0693792383933229,1,-0.7947464874770922,9,0.048787550447513185,,-0.38886993529410074,0.27011569310014244,2.6243640474844545,9,0.424471901155839,0,0.4187615305660808,-0.39999657744696954,1.2952224530266427,0.7559529327058846
87,Gilgit,0.8035217794253939,9,0.09407894736842105,3,0.08164712136833079,-0.11332087228092742,0.41484153800564094,0.26568225630254294,-0.130715621281659,3,-0.7126512651265127,9,0.03092956832537565,-0.1293886512240732,-0.412458288055438,0.19998343442337113,2.116182572614108,9,0.2601461819580689,2,0.2191295905456113,-0.33634496099270317,1.0932843140195818,0.699629748947485
88,Gilgit,0.9315206445115811,5,0.17605004468275245,3,0.17702336760502804,-0.12610978105586765,0.6011096019812914,0.22278495095343603,-0.20292504570383912,3,-0.822500950209046,5,0.11121452505763683,-0.17284294736234274,-0.549228279484172,0.18816583282244578,2.3996056864169346,5,0.5600833965125095,3,0.44982098130276355,-0.23714928053286033,1.6132000576850867,0.5643167077544546
89,Gilgit,0.9359797830893967,9,0.102803738317757,3,0.11782101880560847,-0.12173942624454433,0.469402189146851,0.26843253353844343,-0.1604179471419791,3,-0.8013128245321838,9,0.06252304548205423,-0.13490018224110145,-0.4954005065914175,0.19105570223042995,2.2392684401451026,9,0.30618371022613566,2,0.3219344681335748,-0.3189021487300738,1.0526077124314053,0.6470469867261237
90,Nagar,0.7441231537341377,9,0.058522727272727275,0,0.12459463477143691,-0.11158170701938375,0.3017522357584667,0.2238730143679405,-0.14084507042253522,0,-0.6701195219123506,9,,-0.03084374013039114,-0.3300638851922764,0.1638526679524364,1.831353676018841,9,0.17783149171270718,0,0.27293231595428114,-0.24824314251313676,0.7877229144542945,0.5716577862875812
91,Nagar,0.9164884218357667,9,0.06158833063209076,4,0.13736765648497673,-0.16607164067163052,0.3445738521198284,0.31646034102391823,-0.09623430962343096,4,-0.7897483690587139,8,0.04425597472716114,-0.05979275471119117,-0.35827595750688956,0.24986871121221654,2.3661464585834335,9,0.13225569434239529,1,0.3616797654306178,-0.46696301334723644,0.8852396787417618,0.7557493917049516
92,Nagar,0.8662850132897159,9,0.10342271098480169,2,0.050235262214575936,-0.0779376460363594,0.4759606880758603,0.2748643217603348,-0.1920971832866106,2,-0.7356911960448754,9,0.053049790357567454,-0.03809826410416425,-0.46852243545353905,0.19048045765953298,2.713559024732503,6,0.2841429880843263,3,0.5895280034884313,-0.22330368820079624,1.3859259419450636,0.8593710411927311
93,Nagar,0.9541774332472007,8,0.10769852495453627,4,0.2442075842264968,-0.1275075697930397,0.3556266109428594,0.28984347710022174,-0.14518487570503447,4,-0.8496657427034078,8,0.04795588725388955,-0.03626714657776484,-0.38900737764613813,0.22584788987065044,2.2689839572192514,9,0.24648310688950342,1,0.3464434275457351,-0.40673958931430526,0.8963848936688567,0.6992236905063125
94,Nagar,0.6678055190538765,10,-0.09433962264150944,2,0.06933632395051387,-0.0976018396846255,0.30161955653340083,0.240090012743355,0.1739961759082218,2,-0.5786069651741294,10,0.11626292267723282,-0.12459280174947063,-0.29143942177872617,0.21601810119511097,1.9300407621575504,6,0.1411543287327478,2,0.38728348530753304,-0.2346770393674437,0.9411331655194058,0.6417284289662474
95,Nagar,0.8163342115167482,9,0.06800735214617797,3,0.1441503340711721,-0.12835385759484977,0.2975521467702731,0.28346410200946076,-0.1298181402264669,3,-0.7319217656558407,9,0.020351929886594188,-0.013219647148599745,-0.330259702418071,0.22346545990266772,2.5082781456953644,8,0.1904675387596899,3,0.6309412929879743,-0.2853700873346277,0.9240627146879827,0.8991928337513329
96,Nagar,0.8465928744379108,9,0.07251990531525715,6,0.16382140971587436,-0.12016885716050922,0.3044442230719209,0.297738020610509,-0.13453221033462326,6,-0.7683007618416694,9,0.0040404076730933365,-0.14715195768492514,-0.334975817779114,0.23726277742483168,2.353704861278069,9,0.2171111970106945,6,0.4343280645093985,-0.345052774513853,0.8750417643642628,0.8336049626570017
97,Nagar,0.9400791407574901,8,0.11634935025687519,3,0.1489330279917742,-0.09736974517741019,0.46452624809932336,0.2876414555575653,-0.19894707675256304,4,-0.8265034592868548,8,0.01881135038839098,-0.0724560166433709,-0.45205909012853834,0.21868447338308483,2.352166626765621,6,0.3165358318561661,2,0.582563436384803,-0.05056422233844504,1.3765640455252128,0.7832772081473656
98,Nagar,0.8998311761395611,9,0.14539532129108676,6,0.14793260929378318,-0.21146870067381748,0.420603323140386,0.2820053955799347,-0.15808383233532936,6,-0.7777777777777778,9,0.006437482688414302,-0.1522074792940498,-0.40447532984576823,0.22038030346363938,2.467846486264019,9,0.518312101910828,11,0.1790914411414609,-0.6223976351332237,1.4377206770980326,0.7760306052220969
99,Nagar,0.9059292170982074,7,0.03588022715539494,3,0.1987041562847965,-0.03610467302175646,0.4272116744013201,0.33448431128225314,-0.05995773903856313,3,-0.810244470314319,7,0.025158000389801066,-0.07637771543027742,-0.393961011723912,0.27120205410552833,2.679112421190535,10,0.21511861680739847,2,0.0786306374879732,-0.2587267784387796,1.458970853036541,1.0007054058010445
100,Nagar,0.8626142821843341,10,0.05921722682962316,2,0.08734835072604859,-0.1023293633981686,0.45893942390825687,0.33412956535915245,-0.09754259007990351,2,-0.7715628672150411,10,0.05754345070653344,-0.08771403272856128,-0.45751919778104794,0.25686102294198276,3.322638146167558,6,0.19729150428682773,1,0.7362340945796803,-0.6036041125213545,1.3434710656328093,1.0646837217837608
101,Nagar,0.7459095283926853,8,0.06859205776173286,1,0.10317806886557122,-0.08037171308622311,0.36231587657887193,0.2443387931198499,-0.12824610467439074,4,-0.6800185228062051,8,0.03072464350282587,-0.0941002999612016,-0.3718154391206385,0.19131059333737993,1.9710083737949475,7,0.12311015118790497,1,0.3669657765016388,-0.19079727879412367,0.9669384550573157,0.5932748429512187
102,Nagar,0.8204406938584153,8,0.047142857142857146,4,0.15188986123596832,-0.13408665675950918,0.32603364117491845,0.2484929559887856,-0.06424682395644284,4,-0.6864277958740499,8,0.07161738981896847,-0.0944635062663138,-0.3473762673327276,0.18876850416681965,1.8900529214818016,8,0.14838788470933073,3,0.26572572414896234,-0.2863375200386768,0.8473015160143235,0.5892378709417875
103,Nagar,0.7795414462081128,8,0.08045602605863192,4,0.1309756348363003,-0.07984423057656571,0.41706494327134774,0.2427953632235075,-0.1527367506516073,4,-0.6851774530271398,8,,-0.07715637500278816,-0.4096634082952407,0.18735861126531828,1.9773569370111157,10,0.2164009111617312,4,0.10139791589283302,-0.38863540890756515,1.148056185070993,0.6155385352143669
104,Nagar,0.9411589895988113,9,0.10748560460652591,5,0.16110762755001956,-0.15040352535588897,0.48600710601626906,0.34434400593336034,-0.17555178268251273,5,-0.8291795015401848,9,,-0.08648459245575764,-0.4681233847366669,0.2604092899281725,4.282933160285529,10,0.32104572303653467,11,0.7345465642319279,-1.3206291457496648,1.6626950602713781,1.3597817537345063
105,Astore,0.8400659521846661,7,0.1432768059821071,4,0.17898803118448145,-0.09176093354481567,0.3793096554201059,0.24542805714927673,-0.21780699133552436,5,-0.6973384030418252,7,0.0036920146453629974,-0.13389148714910948,-0.4008751966170415,0.16261891939724474,2.498773908778813,7,0.3589407974224728,0,0.47496551942002907,-0.38634020257697355,1.0925849595610029,0.7588120220885466
106,Astore,0.7758282350225095,9,0.19349373093866487,1,0.04472606865178511,-0.08875154091270991,0.43798604486827913,0.2302955411286414,-0.27606027652633214,4,-0.7061106798269935,9,0.03160833011069636,-0.06143443619402409,-0.46880224398664727,0.15652590607631844,2.029575892857143,8,0.3618963113195589,1,0.23936935759493286,-0.2570456232473543,1.0466918986677984,0.5944685573859698
107,Astore,0.7336454355057287,9,0.15220329818869965,8,0.13063907889287593,-0.04738231209159438,0.4330305688354666,0.18782046889792237,-0.27034277198211626,8,-0.6267716535433071,5,0.08073941234314846,-0.09856775012177445,-0.4676281096697928,0.11061501097623774,2.1760578820434113,9,0.2924675324675325,8,0.45125796392693546,-0.2182309544361296,1.0007370082831268,0.6009162453892287
108,Astore,0.786153215895125,8,0.10897110998479473,5,0.1385323422750945,-0.1553322600326273,0.3239547883769943,0.26400753808335936,-0.19042437431991294,5,-0.7011314865392119,8,0.009415040352724882,-0.1172836000073672,-0.36422505904598157,0.18272818452778802,2.494133176884717,7,0.2361823361823362,4,0.7057313300444682,-0.3732536532582635,0.8645442038464406,0.833107125452322
109,Astore,0.5731862537123462,8,0.15547426182388294,11,0.08984900168666239,-0.07142114708206394,0.30742956507502833,0.15221986191996362,-0.22815724173958468,5,-0.5398671096345515,8,0.004902531339003989,-0.06416309841574731,-0.3458467433898751,0.11340749895315125,1.6145802210935165,8,0.3543353978084802,11,0.21251202640243957,-0.2537363910233778,0.8385900053129639,0.45020360173177393
110,Astore,0.758344598107518,9,0.21152348819102,1,0.059024568009742095,-0.1094442463329987,0.4265577980531381,0.20087655514408354,-0.29295697451356534,4,-0.6699585226150504,9,0.015627430232944734,-0.04075216968689954,-0.45331862886727664,0.13521031020084157,2.0172903225806453,8,0.4600361255362384,1,0.3010561589471752,-0.25474710876919837,1.0651409121673219,0.5532372115137129
111,Astore,0.8467139996359002,9,0.17802474313273223,6,0.14046062034113246,-0.17940406461080716,0.4190595122022918,0.2576966667124042,-0.2773988176443838,6,-0.7292874190248891,9,0.013199566988679357,-0.10729907134438717,-0.46643230202946256,0.16767576539494802,2.2758856919162262,9,0.402288783791674,5,0.4130031868154433,-0.5658159045494922,0.9922398323790127,0.7112814435487254
112,Astore,0.8769701022065145,9,0.2338017174082748,4,0.17240093118663102,-0.1230737662400293,0.4375610561955931,0.224364308398803,-0.34122367101303913,7,-0.7643889736912993,9,0.002276500567180021,-0.09093872666744916,-0.45113287823635995,0.1545322419390266,2.6347645167391716,8,0.44761620086683607,4,0.5899920533130242,-0.3438214896575838,1.3108307414131957,0.8063427438485885
113,Astore,0.8747176011501335,8,0.11648892534864644,6,0.1878062318353646,-0.1664973569453775,0.41918441557489367,0.31070562191106477,-0.25138942742665116,5,-0.7662538699690402,8,,-0.09775840501343236,-0.45688463632204274,0.20383795638440388,2.5231042654028437,8,0.2377762893503014,6,0.5760535536901781,-0.5693164367286064,1.0504857062929778,0.9004816574415863
114,Astore,0.7467965146078934,9,0.07927927927927927,1,0.11597226005897411,-0.15797522585547627,0.30404888241445527,0.21804495406577118,-0.1609878086902157,0,-0.6495643756050339,9,,-0.00838360172372348,-0.33973606127361505,0.15712684062666424,3.1060086817454877,8,0.248096983366225,1,0.780062884107484,-0.7241003309527444,0.9543786730776735,0.8289199624315473
115,Astore,0.8958333333333334,9,0.15460992907801419,0,0.15064695575705878,-0.11493148156057269,0.4554870727368153,0.29781573887095947,-0.256657661134697,0,-0.7780491528010991,9,,,-0.46635203782333884,0.20630835475609707,2.3930434782608696,9,0.4234721471065441,5,0.35351755400175494,-0.34369255434450424,1.2468273028172077,0.793209753023906
116,Astore,0.8757713707637835,8,0.21188118811881188,1,0.1560110166280267,-0.14803939680823214,0.40805531141473095,0.24386708523940098,-0.258167100318011,5,-0.7444726691128046,8,0.021242401015021267,-0.09343854489099207,-0.42389168933184235,0.16473136314954662,2.5455775111738412,8,0.38840982168956445,4,0.43086167564521677,-0.4928504917370948,1.082847181613457,0.7728672065975882
117,Astore,0.7387755102040816,8,0.20622568093385213,11,0.13894492970775524,-0.1003965900306646,0.43105069911182753,0.21608030294322464,-0.32291040288635,6,-0.6496928868634833,9,0.0076033249389900566,-0.09159420549631458,-0.4627465695549374,0.1280468304256087,1.9842139881604912,8,0.35907859078590787,11,0.3719591288641147,-0.32554875036380165,1.0874181434388845,0.6432462448298356
118,Astore,0.7433808553971487,8,-0.1435523114355231,1,0.15645444107637527,-0.12962713392995143,0.3099171573679301,0.24008962427841152,0.2203765227021041,1,-0.630131189166314,8,0.2628837523207068,,-0.3629581206578746,0.23929442811845056,2.5684128225175917,8,0.30974984408564893,0,0.6316851797797698,-0.6130124370831539,0.8267461560329814,0.7072064962232422
119,Astore,0.8121363258520365,8,0.1513231457323891,3,0.11398826794073848,-0.12071226676111818,0.3871279384433817,0.22905864398367,-0.2526041666666667,4,-0.7391304347826086,8,0.012633997461117633,-0.07020713916025541,-0.43514202803225105,0.1622041028178025,2.261312348107858,8,0.3289156626506024,1,0.3088011477734662,-0.4597597011916356,0.94465760756411,0.6610456015754058
120,Kharmang,0.8616199848599546,6,0.11605134312557894,4,0.2231741946935508,-0.10277431720197443,0.36668182598650395,0.27438092758413607,-0.19750106488712196,4,-0.7241814485031199,6,0.01012508200243841,-0.09502024823548434,-0.3774060558179421,0.18600400674188233,2.7494081839702402,6,0.3443396226415094,1,0.6990650830802716,-0.3677494135433444,1.0888181295254578,0.8487845890426245
121,Kharmang,0.8026368357970436,7,0.1282979044173074,5,0.1929194514437398,-0.13969526339218188,0.30438710368973737,0.25159026437128124,-0.21592201462225832,5,-0.6655592469545958,7,0.010140442136434807,-0.11723373375461699,-0.34898094915379646,0.15961536055683273,3.0169695149421836,7,0.2733118971061093,1,0.7688062265562569,-0.6306366290440153,0.9443841340895263,0.9845976198809155
122,Kharmang,0.880439761795694,9,0.15125795695665353,2,0.08923964925555634,-0.13394948726280242,0.4428645696083164,0.24869948809958783,-0.24257425742574257,3,-0.7490413293566255,9,0.017470094016377058,-0.07728093538408672,-0.4345240205669878,0.16950155277163645,2.3338000933520036,6,0.3344504021447721,2,0.40034104756855515,-0.18896560653121872,1.1912101655597107,0.7171785340990504
123,Kharmang,0.8101450686398598,7,0.11915008068854223,5,0.1999069905008851,-0.14452290195749978,0.29770294647445206,0.23964290728574583,-0.20889018012783264,5,-0.6903354850440949,7,0.015590295448014888,-0.11252683801398027,-0.34865820609300796,0.15086458227520036,2.7253373509760253,7,0.22038105460888233,1,0.6948257295448846,-0.5302668789837216,0.8979158145605475,0.8958511395683312
124,Kharmang,0.7727666955767563,8,-0.1250822909809085,2,0.10706660074241087,-0.14505177351314344,0.29915193867576445,0.27890356493088764,0.23127349850573606,2,-0.627059118655406,7,0.0804331912235497,-0.15545858874935248,-0.28262991111927666,0.27025540051072366,3.6276223776223775,7,0.04019037546271814,1,0.8997462207465783,-0.7686066111862125,1.0632439116059842,1.0456003103294627
125,Kharmang,0.900214848412509,9,0.11945392491467577,2,0.11973950791508133,-0.11732605303195161,0.42103681128309783,0.30128266274276894,-0.2051442910915935,3,-0.7657497781721384,9,0.012702438457915003,-0.10727469519918857,-0.4271611219328517,0.20819083241224257,2.4115872685666737,6,0.31873373807458805,2,0.43220562474440233,-0.4254335864908842,1.0610242768538198,0.7481301132495277
126,Kharmang,0.8730764339310696,9,0.09760850310008858,2,0.10338614228987193,-0.14445275336509103,0.380099994187455,0.29310260874689825,-0.17637856863511928,3,-0.730969226834882,6,0.011603086543519195,-0.09424053161255441,-0.37929854617189357,0.2000561453894801,2.355764373042336,6,0.24855647780584628,2,0.5059996162318813,-0.372068409674374,0.928877769353247,0.7089317172437596
127,Kharmang,0.8426660621174337,9,0.12242164478971337,2,0.10764929793722693,-0.14359514019164554,0.37422887815705946,0.25239546146327047,-0.24443124443124442,2,-0.7089991589571069,9,0.00739747557377346,-0.03020237166082418,-0.4011259861066334,0.1639334008310459,2.3782357992884307,6,0.26731399157697705,2,0.5389996909650905,-0.3545399907383182,0.9756785084632238,0.6897654024975745
128,Kharmang,0.8337531486146096,9,0.12816235752015567,4,0.11683199365865517,-0.12703107260216584,0.3722295915774651,0.2646314446970637,-0.20407513530722698,3,-0.6998514115898959,9,0.017470080085374966,-0.09085077586598979,-0.3943724862099218,0.1773895796362546,2.585748931747315,6,0.30303030303030304,1,0.5516434453059826,-0.5032820937151856,0.9540603125015896,0.6775546848848211
129,Kharmang,0.6044158233670653,9,0.16775728732897086,4,0.05812675877517939,-0.03236244962532905,0.3652199695036651,0.14709673856648484,-0.24634920634920635,4,-0.5861755343337881,9,0.013692910656081905,-0.05066329108462955,-0.39416513417110005,0.11119912993269625,1.916010498687664,9,0.5550639134709932,2,0.18543032106250376,-0.1228846558788385,1.1872388413059634,0.4477657288082732
130,Kharmang,0.5670810115730819,9,0.08264997842037117,3,0.07041152954054807,-0.13877635412769215,0.2431822322594328,0.16974374791576172,-0.13622466311855963,3,-0.5537611559711008,9,0.027924928653320153,-0.07315894725192205,-0.2960831828438841,0.12349594818187244,1.4155031295137217,9,0.2243365047571357,1,0.14337653294098995,-0.3633045578323575,0.6463990017098632,0.4356374984156246
131,Kharmang,0.8606492478226445,9,0.12550760222872792,2,0.11869643608045344,-0.1473120025665353,0.36285802562703146,0.23719932161486718,-0.22315618221258135,4,-0.7355982274741507,9,0.01226079028406149,-0.053036156280938225,-0.3821691335549406,0.161810505501444,3.5793871866295266,6,0.30480295566502463,1,0.945738884003663,-0.6484126509645867,1.1408877990072968,0.8999372482842655
132,Kharmang,0.4375796178343949,6,0.06147446267621909,2,0.09477985575237646,-0.05783369245526376,0.1949263005161195,0.1321682727528642,-0.09602327837051407,3,-0.3808504129703273,6,0.011577443753952962,-0.056855777502531735,-0.21093133177668155,0.0944966318289995,1.984784283513097,6,0.2410160196276519,1,0.4263149785700815,-0.3387348878322178,0.7771775953588312,0.5460979686325772
133,Kharmang,0.7826838164714917,7,0.1140625,0,0.18835308335414666,-0.12412312508379475,0.30696894894687243,0.24650993813856284,-0.2149094781682641,0,-0.6438307665073464,7,,-0.017647880634608076,-0.34904326192738155,0.15412415991429645,3.02,7,0.26742375675428154,0,0.7881023222737316,-0.5913601140540109,0.9652971932715972,0.9881715979186584
134,Kharmang,0.8539581888437531,9,0.08843166643956943,3,0.09309749673495382,-0.16003119865064414,0.35279745828874115,0.24769575237451796,-0.1832321137609243,3,-0.7141810186881642,9,0.018545285599601825,-0.05282962340959161,-0.3764089002903112,0.16710963078239335,2.4495879361739434,6,0.283978338396513,1,0.6296215014971015,-0.22584519763170752,1.0300524552277293,0.7718738924520075
135,Skardu,0.8113342898134863,8,0.12945264986967853,4,0.175448833167639,-0.14315010796252525,0.3208482247575778,0.2264867255132132,-0.20129370090867088,4,-0.6865659180095183,8,0.0032322997453140914,-0.02994036659508988,-0.3418119595740691,0.16246878860016603,2.819921461073365,8,0.3130391915208282,0,0.3929300117653159,-0.6192629597167832,1.1721545795766526,0.9062306040489039
136,Skardu,0.9127878490935816,10,0.11612786707603395,3,0.10498843792282105,-0.23419892209701124,0.43013921788554216,0.32722822922249617,-0.18853171155516943,2,-0.76305885894927,10,0.005606309161030378,-0.05009192538808707,-0.42407272133654866,0.23594303120225357,3.287286349800983,6,0.31220397852857595,1,0.7618538666567335,-0.5563973624869697,1.312965376704763,1.0405959927484625
137,Skardu,0.6264400377714825,8,0.07857282121271203,2,0.1357648166721449,-0.07224600929469266,0.27625775403889025,0.18222755470499516,-0.1271393643031785,2,-0.5478073328540618,8,0.03695912096679837,-0.044253424594533936,-0.32530058342994383,0.13338623790147566,7.985074626865671,8,0.3030075187969925,2,2.423871510563442,-2.1989996534418883,1.4255354348929485,2.1338271400589286
138,Skardu,0.6748140276301806,8,0.10119421747328725,0,0.10699637597097948,-0.14937145030442575,0.27486055934989817,0.18896700557894072,-0.174412247129579,4,-0.5961109985821349,8,0.01040896719195227,-0.057803315651917646,-0.30829565686152066,0.1339411514344126,3.8106312292358804,7,0.2706974241710942,0,0.8622251820091508,-0.8075567291994773,1.266193634540702,1.2644057703012563
139,Skardu,0.7913306451612904,9,0.14719316340061883,3,0.0733404224478174,-0.04665319265851927,0.48100834430175027,0.20665654057190536,-0.20844327176781002,3,-0.667761614265603,9,0.04106993567053857,-0.0844721240966008,-0.46594586377465413,0.14010974018233668,2.4287952806710296,6,0.6400794777178541,1,0.3814783504087762,-0.2474671451539651,1.5101993894506505,0.6563442472454756
140,Skardu,0.7720568025652771,9,0.1653072321914084,4,0.1390977902779356,-0.11323378030512322,0.34094807175009184,0.20972706136429456,-0.2634730538922156,0,-0.7079028697571744,9,,-0.014029730089544001,-0.3828300966987185,0.1484415326419747,2.529222087867795,8,0.33869212090764467,1,0.6193128243466611,-0.3387247560031412,1.035999681085253,0.7809477177097418
142,Skardu,0.8151408450704225,9,0.11388550548112059,4,0.08832320072747683,-0.09392367549440421,0.4021625462853759,0.25923580612425795,-0.1777205408886027,4,-0.6967702118905575,9,0.015703639979516616,-0.09730666842998208,-0.39671666749640727,0.18722073811612322,3.7179749948759993,6,0.31055276381909547,1,0.9682616487756506,-0.5453102206085917,1.5438277736943526,1.0565650983564712
143,Skardu,0.8025165280443591,7,0.12519809825673534,4,0.1480252306172765,-0.10863926307485568,0.3818552171769143,0.22686379165588838,-0.21036481418342995,4,-0.6870259481037924,7,0.003266907938355055,-0.1006748121441246,-0.39148678507831747,0.16360206957937465,2.828625039091004,6,0.3408404521529036,4,0.7088066573129191,-0.3637020168318552,1.239279369077035,0.8470214999503766
144,Skardu,0.8506776935446818,10,0.08175519630484988,1,0.09199512664575797,-0.09307423703600075,0.4345358639059284,0.248757389554553,-0.13140096618357489,1,-0.7094960212201592,10,0.03909883273792844,-0.033529446209753115,-0.42665920599461626,0.1817355840131973,3.4506971611997193,7,0.24035850081477458,1,0.6374400650016279,-0.549569121804358,1.4503138734697372,1.0504727313488549
145,Skardu,0.7855830100061262,9,0.10568702762978566,2,0.05451476452132897,-0.18823224275801143,0.3201099107286673,0.2540812372415047,-0.19640702507038477,2,-0.634087086525883,9,0.010696446878631416,-0.007165674713335411,-0.34898235235533576,0.1667790422296355,3.2739670262568694,6,0.23078151618398637,1,0.9819196636581017,-0.5325330337644967,0.9092629495743995,0.949957090433434
146,Skardu,0.90619650804519,9,0.03923611111111111,1,0.19024941326205683,-0.2092072193140538,0.23353395888942488,0.29550691091377385,-0.1215055229783172,5,-0.7999030224664619,9,0.033705612740625286,-0.06427557843825736,-0.2880084656151376,0.22234646742773037,2.7685076380728555,8,0.06595477386934673,3,0.8139153371255731,-0.51854064348105,0.6673288749721252,0.8933045407201914
148,Skardu,0.8905660377358491,9,0.08808359568624824,11,0.16265899694493655,-0.1762587571214711,0.41879277657927894,0.30221677875186626,-0.14217409647025736,11,-0.7948947604120018,9,0.17544078686940198,,-0.4428429659109034,0.2471964403107781,2.544165981922761,8,0.39079946404644933,0,0.6939157575226945,-0.45558110210233943,1.1549420303618527,0.8131442107654009
149,Skardu,0.8037982339421798,9,0.11183732752360204,2,0.10503325178490995,-0.1268070714326232,0.34920824717139376,0.2544289898820246,-0.18354430379746836,11,-0.6570730081120124,9,0.10675520408555472,,-0.36129688987259395,0.17039384186165005,3.048578852058893,6,0.28544949026876737,2,0.8057435899389761,-0.41871473214108207,1.1344469429222854,0.9400320499569932
150,Ghanche,0.7203125,7,0.05422003860326373,3,0.2048182115395376,-0.05044462846932155,0.2848076459462487,0.2668298162492233,-0.11782599878320828,4,-0.6133345544463779,7,0.010928696271784189,-0.06349503050438077,-0.30243250049908615,0.19578457420200202,4.0248857287963435,8,0.23042793759839703,4,0.8948837038884774,-1.0100228141152827,1.1059841040822653,1.1716340150862734
151,Ghanche,0.8757906843013226,10,0.042925727195707426,3,0.08781867520539721,-0.2560528634559529,0.31946937636748424,0.30490940388909243,-0.05968436154949785,3,-0.7081515098621051,10,0.02293448911816535,-0.07964565059052738,-0.3144154271984158,0.22375235250576564,2.6184529755958326,9,0.17447062332239785,1,0.39153991999914245,-0.3678270771175772,1.0265676768759677,0.8597928329952054
152,Ghanche,0.7578574590526782,9,0.07589518738908028,1,0.08794978067449842,-0.11084284031041425,0.3341679372654189,0.2563940774831087,-0.1444082519001086,3,-0.6291282051282051,9,0.004049200620741942,-0.07999297592417709,-0.33352850119376715,0.18691793989852926,2.210912052117264,6,0.19604141948009923,1,0.469928359486629,-0.20167199571539288,1.0400858296551594,0.7801979759270834
153,Ghanche,0.7942779291553134,10,0.12144899904671115,2,0.0424499502991161,-0.135182514663754,0.4316674328215498,0.2549330933703716,-0.18159903575733227,2,-0.7022101589763474,10,0.01996249165115697,-0.043511773954790556,-0.43679114804058344,0.18794289983970963,2.757230499561788,6,0.3198926916510853,1,0.6057087970873934,-0.28556978230504826,1.302003848157891,0.7907920616779287
154,Ghanche,0.864674493062967,9,0.05538089480048368,3,0.12126018841710695,-0.12869191161224067,0.3466826993866234,0.2907431949549139,-0.106771493786457,3,-0.7292161520190024,9,0.011179638544440087,-0.08483790566783772,-0.3336934493379502,0.21511875923192972,3.0432772332162012,6,0.19599452242382745,3,0.7287844810601514,-0.45562786743251943,1.1743841099649361,0.9864582407446436
155,Ghanche,0.6776859504132231,9,0.10967444008312167,4,0.09731086055638667,-0.14722892124382178,0.27005605058262444,0.17977558762135293,-0.20240180135101327,4,-0.6203542030431529,9,0.012707041628494314,-0.0604561151064002,-0.3259010617767324,0.12744407962119222,1.7103376352496416,9,0.25914994096812277,2,0.19270746081194168,-0.39263955485349067,0.7105558315943304,0.4898082508876429
156,Ghanche,0.7947914154810707,9,0.15669971218420212,2,0.015342626348242905,-0.04271050154360808,0.5020248465950138,0.2651654013843182,-0.1994401679496151,3,-0.6881914072549524,6,0.023114115523074335,-0.10571524889183949,-0.4703484554863653,0.1847534962937701,2.853914182771045,6,0.4131534569983137,1,0.46217648984732107,-0.21709961303227443,1.6089192277601985,0.7944265585342111
157,Ghanche,0.8396711202466598,10,0.01358695652173913,1,0.06735744248688143,-0.2190913545013511,0.34728992522947805,0.2900982538749356,-0.037552155771905425,1,-0.6996115666810531,10,0.05305384400947854,-0.041937009566033266,-0.34456880535944096,0.21306175623101342,3.364989733059548,8,-0.09881422924901186,1,0.5970252703679114,-0.5595124481324967,1.210614357428433,1.0839455275364394
158,Ghanche,0.7672527209663916,10,0.05055368319691863,3,0.03607149553322061,-0.17986855404762073,0.3300027631637908,0.2847144816573587,-0.08006434847172379,3,-0.6682849723382636,10,0.018415447327224208,-0.05660947385974865,-0.3266061799994255,0.22209794963415022,2.2634253052007622,10,0.23384590869253447,1,0.0712699090046039,-0.5075615214866739,1.0884904729723088,0.8284440508713029
159,Ghanche,0.7930049964311207,9,0.05335831936088371,3,0.1265572351303353,-0.16544111270422118,0.26423646047953137,0.25570752961770005,-0.08790872975450749,3,-0.6754112939084037,9,0.038078451895621944,-0.026902829320729984,-0.3009234992106858,0.18769009475395174,2.355667060212515,8,0.22375690607734808,5,0.5811470828537275,-0.3888339120147544,0.7670131937520722,0.7633797547888198
160,Ghanche,0.7026777469990766,9,0.10376282782212087,5,0.10820937603106894,-0.13076507694630593,0.3375583629375527,0.21751633029307205,-0.1503267973856209,5,-0.6069716775599129,9,,-0.06813904240573425,-0.33570198837849,0.16816886453750962,2.2166817769718947,8,0.48951048951048953,5,0.36798161523517475,-0.30776149522886737,1.2450322569672492,0.6480288303138128
161,Ghanche,0.8291704649042844,6,0.1265404268109408,2,0.20228311562635015,-0.07574711298531685,0.3917486955437386,0.2842975981491709,-0.20877112836911832,3,-0.7138708575333106,6,0.008747969256247315,-0.07716086168611797,-0.39910664167498333,0.18791591770536153,2.6629193746706483,6,0.3166865840618907,1,0.6320176105136882,-0.36544841379872084,1.122574747566848,0.829134557273555
162,Ghanche,0.7997709049255441,7,0.1059121087575087,2,0.14520781100924415,-0.04201719806205273,0.41295372658741714,0.2759409262625357,-0.16522318454363757,2,-0.6934684199180858,7,0.008013332996881903,-0.025817698802185474,-0.4121843998661953,0.21028954831948254,2.2930898581187598,7,0.3451473315474964,2,0.382388234588644,-0.23429673500983617,1.1276299842757023,0.7228949052126042
163,Ghanche,0.8550610476565577,6,0.1,4,0.2111220666998804,-0.08886079120491304,0.39606481970504825,0.28875912711292834,-0.12719891745602166,3,-0.7615378861545367,6,0.035434296588363834,-0.10182243941072537,-0.39803502300837373,0.21332257232111163,2.5458511187203903,6,0.32189257320147374,4,0.48649315898263645,-0.32421732734093395,1.2085635081617232,0.8219194938798813
164,Ghanche,0.7835807547844751,8,0.1306693643567695,4,0.09547460817455135,-0.12679799569527847,0.39138435859165904,0.25838297447869185,-0.2442060907872055,0,-0.6771452846219201,7,,-0.0043090584698349255,-0.41857710141411103,0.17782803658772187,2.4587495790773377,8,0.3245490511634145,1,0.37211339171480956,-0.4715723261840292,1.065516946695051,0.7718637029628259
